2025-02-12 17:00:27,609 [Worker-5: Loading available Gradle versions] INFO  o.e.b.c.i.u.g.PublishedGradleVersions - Gradle version information cache is up-to-date. Trying to read.
2025-02-12 17:01:15,574 [Worker-12: Importing Maven projects] INFO  o.e.m.c.i.e.AbstractTransferListenerAdapter - Downloading https://repo.maven.apache.org/maven2/org/springframework/boot/spring-boot-maven-plugin/2.1.2.RELEASE/spring-boot-maven-plugin-2.1.2.RELEASE.pom
2025-02-12 17:01:15,697 [Worker-12: Importing Maven projects] INFO  o.e.m.c.i.e.AbstractTransferListenerAdapter - Downloaded https://repo.maven.apache.org/maven2/org/springframework/boot/spring-boot-maven-plugin/2.1.2.RELEASE/spring-boot-maven-plugin-2.1.2.RELEASE.pom
2025-02-12 17:01:15,778 [Worker-12: Importing Maven projects] INFO  o.e.m.c.i.e.AbstractTransferListenerAdapter - Downloading https://repo.maven.apache.org/maven2/org/springframework/boot/spring-boot-tools/2.1.2.RELEASE/spring-boot-tools-2.1.2.RELEASE.pom
2025-02-12 17:01:15,893 [Worker-12: Importing Maven projects] INFO  o.e.m.c.i.e.AbstractTransferListenerAdapter - Downloaded https://repo.maven.apache.org/maven2/org/springframework/boot/spring-boot-tools/2.1.2.RELEASE/spring-boot-tools-2.1.2.RELEASE.pom
2025-02-12 17:01:16,080 [Worker-12: Importing Maven projects] INFO  o.e.m.c.i.e.AbstractTransferListenerAdapter - Downloading https://repo.maven.apache.org/maven2/org/springframework/boot/spring-boot-maven-plugin/2.1.2.RELEASE/spring-boot-maven-plugin-2.1.2.RELEASE.jar
2025-02-12 17:01:16,260 [Worker-12: Importing Maven projects] INFO  o.e.m.c.i.e.AbstractTransferListenerAdapter - Downloaded https://repo.maven.apache.org/maven2/org/springframework/boot/spring-boot-maven-plugin/2.1.2.RELEASE/spring-boot-maven-plugin-2.1.2.RELEASE.jar
2025-02-12 17:01:17,084 [Worker-12: Importing Maven projects] INFO  o.e.m.c.i.e.AbstractTransferListenerAdapter - Downloading https://repo.maven.apache.org/maven2/org/apache/maven/plugins/maven-jar-plugin/3.1.1/maven-jar-plugin-3.1.1.jar
2025-02-12 17:01:17,283 [Worker-12: Importing Maven projects] INFO  o.e.m.c.i.e.AbstractTransferListenerAdapter - Downloaded https://repo.maven.apache.org/maven2/org/apache/maven/plugins/maven-jar-plugin/3.1.1/maven-jar-plugin-3.1.1.jar
2025-02-12 17:01:20,682 [Worker-12: Importing Maven projects] INFO  o.e.m.c.i.l.LifecycleMappingFactory - Using org.eclipse.m2e.jdt.JarLifecycleMapping lifecycle mapping for MavenProject: com.sunilos:springboottest:0.0.1-SNAPSHOT @ D:\Rays Software\Workspace\Project_10\ORSProj10\projectORS\pom.xml.
2025-02-12 17:01:20,967 [Worker-12: Importing Maven projects] INFO  o.e.m.c.i.e.AbstractTransferListenerAdapter - Downloading https://repo.maven.apache.org/maven2/org/springframework/boot/spring-boot-starter-actuator/2.1.2.RELEASE/spring-boot-starter-actuator-2.1.2.RELEASE.pom
2025-02-12 17:01:21,098 [Worker-12: Importing Maven projects] INFO  o.e.m.c.i.e.AbstractTransferListenerAdapter - Downloaded https://repo.maven.apache.org/maven2/org/springframework/boot/spring-boot-starter-actuator/2.1.2.RELEASE/spring-boot-starter-actuator-2.1.2.RELEASE.pom
2025-02-12 17:01:21,913 [Worker-12: Importing Maven projects] INFO  o.e.m.c.i.e.AbstractTransferListenerAdapter - Downloading https://repo.maven.apache.org/maven2/org/springframework/boot/spring-boot-actuator-autoconfigure/2.1.2.RELEASE/spring-boot-actuator-autoconfigure-2.1.2.RELEASE.pom
2025-02-12 17:01:22,019 [Worker-12: Importing Maven projects] INFO  o.e.m.c.i.e.AbstractTransferListenerAdapter - Downloaded https://repo.maven.apache.org/maven2/org/springframework/boot/spring-boot-actuator-autoconfigure/2.1.2.RELEASE/spring-boot-actuator-autoconfigure-2.1.2.RELEASE.pom
2025-02-12 17:01:22,081 [Worker-12: Importing Maven projects] INFO  o.e.m.c.i.e.AbstractTransferListenerAdapter - Downloading https://repo.maven.apache.org/maven2/org/springframework/boot/spring-boot-actuator/2.1.2.RELEASE/spring-boot-actuator-2.1.2.RELEASE.pom
2025-02-12 17:01:22,172 [Worker-12: Importing Maven projects] INFO  o.e.m.c.i.e.AbstractTransferListenerAdapter - Downloaded https://repo.maven.apache.org/maven2/org/springframework/boot/spring-boot-actuator/2.1.2.RELEASE/spring-boot-actuator-2.1.2.RELEASE.pom
2025-02-12 17:01:22,415 [Worker-12: Importing Maven projects] INFO  o.e.m.c.i.e.AbstractTransferListenerAdapter - Downloading https://repo.maven.apache.org/maven2/io/micrometer/micrometer-core/1.1.2/micrometer-core-1.1.2.pom
2025-02-12 17:01:22,508 [Worker-12: Importing Maven projects] INFO  o.e.m.c.i.e.AbstractTransferListenerAdapter - Downloaded https://repo.maven.apache.org/maven2/io/micrometer/micrometer-core/1.1.2/micrometer-core-1.1.2.pom
2025-02-12 17:01:22,564 [Worker-12: Importing Maven projects] INFO  o.e.m.c.i.e.AbstractTransferListenerAdapter - Downloading https://repo.maven.apache.org/maven2/org/hdrhistogram/HdrHistogram/2.1.9/HdrHistogram-2.1.9.pom
2025-02-12 17:01:22,647 [Worker-12: Importing Maven projects] INFO  o.e.m.c.i.e.AbstractTransferListenerAdapter - Downloaded https://repo.maven.apache.org/maven2/org/hdrhistogram/HdrHistogram/2.1.9/HdrHistogram-2.1.9.pom
2025-02-12 17:01:22,694 [Worker-12: Importing Maven projects] INFO  o.e.m.c.i.e.AbstractTransferListenerAdapter - Downloading https://repo.maven.apache.org/maven2/org/latencyutils/LatencyUtils/2.0.3/LatencyUtils-2.0.3.pom
2025-02-12 17:01:22,766 [Worker-12: Importing Maven projects] INFO  o.e.m.c.i.e.AbstractTransferListenerAdapter - Downloaded https://repo.maven.apache.org/maven2/org/latencyutils/LatencyUtils/2.0.3/LatencyUtils-2.0.3.pom
2025-02-12 17:01:23,670 [Worker-12: Importing Maven projects] INFO  o.e.m.c.i.e.AbstractTransferListenerAdapter - Downloading https://repo.maven.apache.org/maven2/c3p0/c3p0/0.9.1.2/c3p0-0.9.1.2.pom
2025-02-12 17:01:23,760 [Worker-12: Importing Maven projects] INFO  o.e.m.c.i.e.AbstractTransferListenerAdapter - Downloaded https://repo.maven.apache.org/maven2/c3p0/c3p0/0.9.1.2/c3p0-0.9.1.2.pom
2025-02-12 17:01:24,312 [Worker-12: Importing Maven projects] INFO  o.e.m.c.i.e.AbstractTransferListenerAdapter - Downloading https://repo.maven.apache.org/maven2/org/springframework/boot/spring-boot-starter-test/2.1.2.RELEASE/spring-boot-starter-test-2.1.2.RELEASE.pom
2025-02-12 17:01:24,388 [Worker-12: Importing Maven projects] INFO  o.e.m.c.i.e.AbstractTransferListenerAdapter - Downloaded https://repo.maven.apache.org/maven2/org/springframework/boot/spring-boot-starter-test/2.1.2.RELEASE/spring-boot-starter-test-2.1.2.RELEASE.pom
2025-02-12 17:01:24,455 [Worker-12: Importing Maven projects] INFO  o.e.m.c.i.e.AbstractTransferListenerAdapter - Downloading https://repo.maven.apache.org/maven2/org/springframework/boot/spring-boot-test/2.1.2.RELEASE/spring-boot-test-2.1.2.RELEASE.pom
2025-02-12 17:01:24,549 [Worker-12: Importing Maven projects] INFO  o.e.m.c.i.e.AbstractTransferListenerAdapter - Downloaded https://repo.maven.apache.org/maven2/org/springframework/boot/spring-boot-test/2.1.2.RELEASE/spring-boot-test-2.1.2.RELEASE.pom
2025-02-12 17:01:24,615 [Worker-12: Importing Maven projects] INFO  o.e.m.c.i.e.AbstractTransferListenerAdapter - Downloading https://repo.maven.apache.org/maven2/org/springframework/boot/spring-boot-test-autoconfigure/2.1.2.RELEASE/spring-boot-test-autoconfigure-2.1.2.RELEASE.pom
2025-02-12 17:01:24,710 [Worker-12: Importing Maven projects] INFO  o.e.m.c.i.e.AbstractTransferListenerAdapter - Downloaded https://repo.maven.apache.org/maven2/org/springframework/boot/spring-boot-test-autoconfigure/2.1.2.RELEASE/spring-boot-test-autoconfigure-2.1.2.RELEASE.pom
2025-02-12 17:01:24,801 [Worker-12: Importing Maven projects] INFO  o.e.m.c.i.e.AbstractTransferListenerAdapter - Downloading https://repo.maven.apache.org/maven2/com/jayway/jsonpath/json-path/2.4.0/json-path-2.4.0.pom
2025-02-12 17:01:24,900 [Worker-12: Importing Maven projects] INFO  o.e.m.c.i.e.AbstractTransferListenerAdapter - Downloaded https://repo.maven.apache.org/maven2/com/jayway/jsonpath/json-path/2.4.0/json-path-2.4.0.pom
2025-02-12 17:01:24,983 [Worker-12: Importing Maven projects] INFO  o.e.m.c.i.e.AbstractTransferListenerAdapter - Downloading https://repo.maven.apache.org/maven2/net/minidev/json-smart/2.3/json-smart-2.3.pom
2025-02-12 17:01:25,090 [Worker-12: Importing Maven projects] INFO  o.e.m.c.i.e.AbstractTransferListenerAdapter - Downloaded https://repo.maven.apache.org/maven2/net/minidev/json-smart/2.3/json-smart-2.3.pom
2025-02-12 17:01:25,176 [Worker-12: Importing Maven projects] INFO  o.e.m.c.i.e.AbstractTransferListenerAdapter - Downloading https://repo.maven.apache.org/maven2/net/minidev/minidev-parent/2.3/minidev-parent-2.3.pom
2025-02-12 17:01:25,247 [Worker-12: Importing Maven projects] INFO  o.e.m.c.i.e.AbstractTransferListenerAdapter - Downloaded https://repo.maven.apache.org/maven2/net/minidev/minidev-parent/2.3/minidev-parent-2.3.pom
2025-02-12 17:01:25,315 [Worker-12: Importing Maven projects] INFO  o.e.m.c.i.e.AbstractTransferListenerAdapter - Downloading https://repo.maven.apache.org/maven2/net/minidev/accessors-smart/1.2/accessors-smart-1.2.pom
2025-02-12 17:01:25,410 [Worker-12: Importing Maven projects] INFO  o.e.m.c.i.e.AbstractTransferListenerAdapter - Downloaded https://repo.maven.apache.org/maven2/net/minidev/accessors-smart/1.2/accessors-smart-1.2.pom
2025-02-12 17:01:25,487 [Worker-12: Importing Maven projects] INFO  o.e.m.c.i.e.AbstractTransferListenerAdapter - Downloading https://repo.maven.apache.org/maven2/org/ow2/asm/asm/5.0.4/asm-5.0.4.pom
2025-02-12 17:01:25,567 [Worker-12: Importing Maven projects] INFO  o.e.m.c.i.e.AbstractTransferListenerAdapter - Downloaded https://repo.maven.apache.org/maven2/org/ow2/asm/asm/5.0.4/asm-5.0.4.pom
2025-02-12 17:01:25,661 [Worker-12: Importing Maven projects] INFO  o.e.m.c.i.e.AbstractTransferListenerAdapter - Downloading https://repo.maven.apache.org/maven2/org/ow2/asm/asm-parent/5.0.4/asm-parent-5.0.4.pom
2025-02-12 17:01:25,773 [Worker-12: Importing Maven projects] INFO  o.e.m.c.i.e.AbstractTransferListenerAdapter - Downloaded https://repo.maven.apache.org/maven2/org/ow2/asm/asm-parent/5.0.4/asm-parent-5.0.4.pom
2025-02-12 17:01:25,837 [Worker-12: Importing Maven projects] INFO  o.e.m.c.i.e.AbstractTransferListenerAdapter - Downloading https://repo.maven.apache.org/maven2/org/ow2/ow2/1.3/ow2-1.3.pom
2025-02-12 17:01:25,924 [Worker-12: Importing Maven projects] INFO  o.e.m.c.i.e.AbstractTransferListenerAdapter - Downloaded https://repo.maven.apache.org/maven2/org/ow2/ow2/1.3/ow2-1.3.pom
2025-02-12 17:01:26,055 [Worker-12: Importing Maven projects] INFO  o.e.m.c.i.e.AbstractTransferListenerAdapter - Downloading https://repo.maven.apache.org/maven2/org/assertj/assertj-core/3.11.1/assertj-core-3.11.1.pom
2025-02-12 17:01:26,148 [Worker-12: Importing Maven projects] INFO  o.e.m.c.i.e.AbstractTransferListenerAdapter - Downloaded https://repo.maven.apache.org/maven2/org/assertj/assertj-core/3.11.1/assertj-core-3.11.1.pom
2025-02-12 17:01:26,196 [Worker-12: Importing Maven projects] INFO  o.e.m.c.i.e.AbstractTransferListenerAdapter - Downloading https://repo.maven.apache.org/maven2/org/assertj/assertj-parent-pom/2.2.1/assertj-parent-pom-2.2.1.pom
2025-02-12 17:01:26,286 [Worker-12: Importing Maven projects] INFO  o.e.m.c.i.e.AbstractTransferListenerAdapter - Downloaded https://repo.maven.apache.org/maven2/org/assertj/assertj-parent-pom/2.2.1/assertj-parent-pom-2.2.1.pom
2025-02-12 17:01:26,355 [Worker-12: Importing Maven projects] INFO  o.e.m.c.i.e.AbstractTransferListenerAdapter - Downloading https://repo.maven.apache.org/maven2/org/junit/junit-bom/5.2.0/junit-bom-5.2.0.pom
2025-02-12 17:01:26,426 [Worker-12: Importing Maven projects] INFO  o.e.m.c.i.e.AbstractTransferListenerAdapter - Downloaded https://repo.maven.apache.org/maven2/org/junit/junit-bom/5.2.0/junit-bom-5.2.0.pom
2025-02-12 17:01:26,476 [Worker-12: Importing Maven projects] INFO  o.e.m.c.i.e.AbstractTransferListenerAdapter - Downloading https://repo.maven.apache.org/maven2/org/mockito/mockito-core/2.23.4/mockito-core-2.23.4.pom
2025-02-12 17:01:26,596 [Worker-12: Importing Maven projects] INFO  o.e.m.c.i.e.AbstractTransferListenerAdapter - Downloaded https://repo.maven.apache.org/maven2/org/mockito/mockito-core/2.23.4/mockito-core-2.23.4.pom
2025-02-12 17:01:26,655 [Worker-12: Importing Maven projects] INFO  o.e.m.c.i.e.AbstractTransferListenerAdapter - Downloading https://repo.maven.apache.org/maven2/net/bytebuddy/byte-buddy-agent/1.9.7/byte-buddy-agent-1.9.7.pom
2025-02-12 17:01:26,727 [Worker-12: Importing Maven projects] INFO  o.e.m.c.i.e.AbstractTransferListenerAdapter - Downloaded https://repo.maven.apache.org/maven2/net/bytebuddy/byte-buddy-agent/1.9.7/byte-buddy-agent-1.9.7.pom
2025-02-12 17:01:26,824 [Worker-12: Importing Maven projects] INFO  o.e.m.c.i.e.AbstractTransferListenerAdapter - Downloading https://repo.maven.apache.org/maven2/org/hamcrest/hamcrest-library/1.3/hamcrest-library-1.3.pom
2025-02-12 17:01:26,911 [Worker-12: Importing Maven projects] INFO  o.e.m.c.i.e.AbstractTransferListenerAdapter - Downloaded https://repo.maven.apache.org/maven2/org/hamcrest/hamcrest-library/1.3/hamcrest-library-1.3.pom
2025-02-12 17:01:27,032 [Worker-12: Importing Maven projects] INFO  o.e.m.c.i.e.AbstractTransferListenerAdapter - Downloading https://repo.maven.apache.org/maven2/org/skyscreamer/jsonassert/1.5.0/jsonassert-1.5.0.pom
2025-02-12 17:01:27,114 [Worker-12: Importing Maven projects] INFO  o.e.m.c.i.e.AbstractTransferListenerAdapter - Downloaded https://repo.maven.apache.org/maven2/org/skyscreamer/jsonassert/1.5.0/jsonassert-1.5.0.pom
2025-02-12 17:01:27,176 [Worker-12: Importing Maven projects] INFO  o.e.m.c.i.e.AbstractTransferListenerAdapter - Downloading https://repo.maven.apache.org/maven2/com/vaadin/external/google/android-json/0.0.20131108.vaadin1/android-json-0.0.20131108.vaadin1.pom
2025-02-12 17:01:27,247 [Worker-12: Importing Maven projects] INFO  o.e.m.c.i.e.AbstractTransferListenerAdapter - Downloaded https://repo.maven.apache.org/maven2/com/vaadin/external/google/android-json/0.0.20131108.vaadin1/android-json-0.0.20131108.vaadin1.pom
2025-02-12 17:01:27,335 [Worker-12: Importing Maven projects] INFO  o.e.m.c.i.e.AbstractTransferListenerAdapter - Downloading https://repo.maven.apache.org/maven2/org/xmlunit/xmlunit-core/2.6.2/xmlunit-core-2.6.2.pom
2025-02-12 17:01:27,412 [Worker-12: Importing Maven projects] INFO  o.e.m.c.i.e.AbstractTransferListenerAdapter - Downloaded https://repo.maven.apache.org/maven2/org/xmlunit/xmlunit-core/2.6.2/xmlunit-core-2.6.2.pom
2025-02-12 17:01:27,477 [Worker-12: Importing Maven projects] INFO  o.e.m.c.i.e.AbstractTransferListenerAdapter - Downloading https://repo.maven.apache.org/maven2/org/xmlunit/xmlunit-parent/2.6.2/xmlunit-parent-2.6.2.pom
2025-02-12 17:01:27,567 [Worker-12: Importing Maven projects] INFO  o.e.m.c.i.e.AbstractTransferListenerAdapter - Downloaded https://repo.maven.apache.org/maven2/org/xmlunit/xmlunit-parent/2.6.2/xmlunit-parent-2.6.2.pom
2025-02-12 17:01:27,638 [Worker-12: Importing Maven projects] INFO  o.e.m.c.i.e.AbstractTransferListenerAdapter - Downloading https://repo.maven.apache.org/maven2/org/springframework/boot/spring-boot-starter-mail/2.1.2.RELEASE/spring-boot-starter-mail-2.1.2.RELEASE.pom
2025-02-12 17:01:27,707 [Worker-12: Importing Maven projects] INFO  o.e.m.c.i.e.AbstractTransferListenerAdapter - Downloaded https://repo.maven.apache.org/maven2/org/springframework/boot/spring-boot-starter-mail/2.1.2.RELEASE/spring-boot-starter-mail-2.1.2.RELEASE.pom
2025-02-12 17:01:27,780 [Worker-12: Importing Maven projects] INFO  o.e.m.c.i.e.AbstractTransferListenerAdapter - Downloading https://repo.maven.apache.org/maven2/org/springframework/spring-context-support/5.1.4.RELEASE/spring-context-support-5.1.4.RELEASE.pom
2025-02-12 17:01:27,847 [Worker-12: Importing Maven projects] INFO  o.e.m.c.i.e.AbstractTransferListenerAdapter - Downloaded https://repo.maven.apache.org/maven2/org/springframework/spring-context-support/5.1.4.RELEASE/spring-context-support-5.1.4.RELEASE.pom
2025-02-12 17:01:27,976 [Worker-12: Importing Maven projects] INFO  o.e.m.c.i.e.AbstractTransferListenerAdapter - Downloading https://repo.maven.apache.org/maven2/org/springframework/boot/spring-boot-starter-security/2.1.2.RELEASE/spring-boot-starter-security-2.1.2.RELEASE.pom
2025-02-12 17:01:28,050 [Worker-12: Importing Maven projects] INFO  o.e.m.c.i.e.AbstractTransferListenerAdapter - Downloaded https://repo.maven.apache.org/maven2/org/springframework/boot/spring-boot-starter-security/2.1.2.RELEASE/spring-boot-starter-security-2.1.2.RELEASE.pom
2025-02-12 17:01:28,120 [Worker-12: Importing Maven projects] INFO  o.e.m.c.i.e.AbstractTransferListenerAdapter - Downloading https://repo.maven.apache.org/maven2/org/springframework/security/spring-security-config/5.1.3.RELEASE/spring-security-config-5.1.3.RELEASE.pom
2025-02-12 17:01:28,206 [Worker-12: Importing Maven projects] INFO  o.e.m.c.i.e.AbstractTransferListenerAdapter - Downloaded https://repo.maven.apache.org/maven2/org/springframework/security/spring-security-config/5.1.3.RELEASE/spring-security-config-5.1.3.RELEASE.pom
2025-02-12 17:01:28,255 [Worker-12: Importing Maven projects] INFO  o.e.m.c.i.e.AbstractTransferListenerAdapter - Downloading https://repo.maven.apache.org/maven2/org/springframework/security/spring-security-core/5.1.3.RELEASE/spring-security-core-5.1.3.RELEASE.pom
2025-02-12 17:01:28,336 [Worker-12: Importing Maven projects] INFO  o.e.m.c.i.e.AbstractTransferListenerAdapter - Downloaded https://repo.maven.apache.org/maven2/org/springframework/security/spring-security-core/5.1.3.RELEASE/spring-security-core-5.1.3.RELEASE.pom
2025-02-12 17:01:28,397 [Worker-12: Importing Maven projects] INFO  o.e.m.c.i.e.AbstractTransferListenerAdapter - Downloading https://repo.maven.apache.org/maven2/org/springframework/security/spring-security-web/5.1.3.RELEASE/spring-security-web-5.1.3.RELEASE.pom
2025-02-12 17:01:28,490 [Worker-12: Importing Maven projects] INFO  o.e.m.c.i.e.AbstractTransferListenerAdapter - Downloaded https://repo.maven.apache.org/maven2/org/springframework/security/spring-security-web/5.1.3.RELEASE/spring-security-web-5.1.3.RELEASE.pom
2025-02-12 17:01:28,555 [Worker-12: Importing Maven projects] INFO  o.e.m.c.i.e.AbstractTransferListenerAdapter - Downloading https://repo.maven.apache.org/maven2/io/jsonwebtoken/jjwt/0.9.1/jjwt-0.9.1.pom
2025-02-12 17:01:28,645 [Worker-12: Importing Maven projects] INFO  o.e.m.c.i.e.AbstractTransferListenerAdapter - Downloaded https://repo.maven.apache.org/maven2/io/jsonwebtoken/jjwt/0.9.1/jjwt-0.9.1.pom
2025-02-12 17:01:28,759 [Worker-12: Importing Maven projects] INFO  o.e.m.c.i.e.AbstractTransferListenerAdapter - Downloading https://repo.maven.apache.org/maven2/org/springframework/boot/spring-boot-starter-actuator/2.1.2.RELEASE/spring-boot-starter-actuator-2.1.2.RELEASE.jar
2025-02-12 17:01:28,851 [Worker-12: Importing Maven projects] INFO  o.e.m.c.i.e.AbstractTransferListenerAdapter - Downloaded https://repo.maven.apache.org/maven2/org/springframework/boot/spring-boot-starter-actuator/2.1.2.RELEASE/spring-boot-starter-actuator-2.1.2.RELEASE.jar
2025-02-12 17:01:28,908 [Worker-12: Importing Maven projects] INFO  o.e.m.c.i.e.AbstractTransferListenerAdapter - Downloading https://repo.maven.apache.org/maven2/org/springframework/boot/spring-boot-actuator-autoconfigure/2.1.2.RELEASE/spring-boot-actuator-autoconfigure-2.1.2.RELEASE.jar
2025-02-12 17:01:29,301 [Worker-12: Importing Maven projects] INFO  o.e.m.c.i.e.AbstractTransferListenerAdapter - Downloaded https://repo.maven.apache.org/maven2/org/springframework/boot/spring-boot-actuator-autoconfigure/2.1.2.RELEASE/spring-boot-actuator-autoconfigure-2.1.2.RELEASE.jar
2025-02-12 17:01:29,363 [Worker-12: Importing Maven projects] INFO  o.e.m.c.i.e.AbstractTransferListenerAdapter - Downloading https://repo.maven.apache.org/maven2/org/springframework/boot/spring-boot-actuator/2.1.2.RELEASE/spring-boot-actuator-2.1.2.RELEASE.jar
2025-02-12 17:01:29,769 [Worker-12: Importing Maven projects] INFO  o.e.m.c.i.e.AbstractTransferListenerAdapter - Downloaded https://repo.maven.apache.org/maven2/org/springframework/boot/spring-boot-actuator/2.1.2.RELEASE/spring-boot-actuator-2.1.2.RELEASE.jar
2025-02-12 17:01:29,816 [Worker-12: Importing Maven projects] INFO  o.e.m.c.i.e.AbstractTransferListenerAdapter - Downloading https://repo.maven.apache.org/maven2/io/micrometer/micrometer-core/1.1.2/micrometer-core-1.1.2.jar
2025-02-12 17:01:30,088 [Worker-12: Importing Maven projects] INFO  o.e.m.c.i.e.AbstractTransferListenerAdapter - Downloaded https://repo.maven.apache.org/maven2/io/micrometer/micrometer-core/1.1.2/micrometer-core-1.1.2.jar
2025-02-12 17:01:30,137 [Worker-12: Importing Maven projects] INFO  o.e.m.c.i.e.AbstractTransferListenerAdapter - Downloading https://repo.maven.apache.org/maven2/org/hdrhistogram/HdrHistogram/2.1.9/HdrHistogram-2.1.9.jar
2025-02-12 17:01:30,257 [Worker-12: Importing Maven projects] INFO  o.e.m.c.i.e.AbstractTransferListenerAdapter - Downloaded https://repo.maven.apache.org/maven2/org/hdrhistogram/HdrHistogram/2.1.9/HdrHistogram-2.1.9.jar
2025-02-12 17:01:30,315 [Worker-12: Importing Maven projects] INFO  o.e.m.c.i.e.AbstractTransferListenerAdapter - Downloading https://repo.maven.apache.org/maven2/org/latencyutils/LatencyUtils/2.0.3/LatencyUtils-2.0.3.jar
2025-02-12 17:01:30,563 [Worker-12: Importing Maven projects] INFO  o.e.m.c.i.e.AbstractTransferListenerAdapter - Downloaded https://repo.maven.apache.org/maven2/org/latencyutils/LatencyUtils/2.0.3/LatencyUtils-2.0.3.jar
2025-02-12 17:01:30,620 [Worker-12: Importing Maven projects] INFO  o.e.m.c.i.e.AbstractTransferListenerAdapter - Downloading https://repo.maven.apache.org/maven2/c3p0/c3p0/0.9.1.2/c3p0-0.9.1.2.jar
2025-02-12 17:01:30,969 [Worker-12: Importing Maven projects] INFO  o.e.m.c.i.e.AbstractTransferListenerAdapter - Downloaded https://repo.maven.apache.org/maven2/c3p0/c3p0/0.9.1.2/c3p0-0.9.1.2.jar
2025-02-12 17:01:31,016 [Worker-12: Importing Maven projects] INFO  o.e.m.c.i.e.AbstractTransferListenerAdapter - Downloading https://repo.maven.apache.org/maven2/org/springframework/boot/spring-boot-starter-test/2.1.2.RELEASE/spring-boot-starter-test-2.1.2.RELEASE.jar
2025-02-12 17:01:31,113 [Worker-12: Importing Maven projects] INFO  o.e.m.c.i.e.AbstractTransferListenerAdapter - Downloaded https://repo.maven.apache.org/maven2/org/springframework/boot/spring-boot-starter-test/2.1.2.RELEASE/spring-boot-starter-test-2.1.2.RELEASE.jar
2025-02-12 17:01:31,182 [Worker-12: Importing Maven projects] INFO  o.e.m.c.i.e.AbstractTransferListenerAdapter - Downloading https://repo.maven.apache.org/maven2/org/springframework/boot/spring-boot-test/2.1.2.RELEASE/spring-boot-test-2.1.2.RELEASE.jar
2025-02-12 17:01:31,328 [Worker-12: Importing Maven projects] INFO  o.e.m.c.i.e.AbstractTransferListenerAdapter - Downloaded https://repo.maven.apache.org/maven2/org/springframework/boot/spring-boot-test/2.1.2.RELEASE/spring-boot-test-2.1.2.RELEASE.jar
2025-02-12 17:01:31,376 [Worker-12: Importing Maven projects] INFO  o.e.m.c.i.e.AbstractTransferListenerAdapter - Downloading https://repo.maven.apache.org/maven2/org/springframework/boot/spring-boot-test-autoconfigure/2.1.2.RELEASE/spring-boot-test-autoconfigure-2.1.2.RELEASE.jar
2025-02-12 17:01:31,515 [Worker-12: Importing Maven projects] INFO  o.e.m.c.i.e.AbstractTransferListenerAdapter - Downloaded https://repo.maven.apache.org/maven2/org/springframework/boot/spring-boot-test-autoconfigure/2.1.2.RELEASE/spring-boot-test-autoconfigure-2.1.2.RELEASE.jar
2025-02-12 17:01:31,579 [Worker-12: Importing Maven projects] INFO  o.e.m.c.i.e.AbstractTransferListenerAdapter - Downloading https://repo.maven.apache.org/maven2/com/jayway/jsonpath/json-path/2.4.0/json-path-2.4.0.jar
2025-02-12 17:01:31,716 [Worker-12: Importing Maven projects] INFO  o.e.m.c.i.e.AbstractTransferListenerAdapter - Downloaded https://repo.maven.apache.org/maven2/com/jayway/jsonpath/json-path/2.4.0/json-path-2.4.0.jar
2025-02-12 17:01:31,775 [Worker-12: Importing Maven projects] INFO  o.e.m.c.i.e.AbstractTransferListenerAdapter - Downloading https://repo.maven.apache.org/maven2/net/minidev/json-smart/2.3/json-smart-2.3.jar
2025-02-12 17:01:31,886 [Worker-12: Importing Maven projects] INFO  o.e.m.c.i.e.AbstractTransferListenerAdapter - Downloaded https://repo.maven.apache.org/maven2/net/minidev/json-smart/2.3/json-smart-2.3.jar
2025-02-12 17:01:31,937 [Worker-12: Importing Maven projects] INFO  o.e.m.c.i.e.AbstractTransferListenerAdapter - Downloading https://repo.maven.apache.org/maven2/net/minidev/accessors-smart/1.2/accessors-smart-1.2.jar
2025-02-12 17:01:32,164 [Worker-12: Importing Maven projects] INFO  o.e.m.c.i.e.AbstractTransferListenerAdapter - Downloaded https://repo.maven.apache.org/maven2/net/minidev/accessors-smart/1.2/accessors-smart-1.2.jar
2025-02-12 17:01:32,230 [Worker-12: Importing Maven projects] INFO  o.e.m.c.i.e.AbstractTransferListenerAdapter - Downloading https://repo.maven.apache.org/maven2/org/ow2/asm/asm/5.0.4/asm-5.0.4.jar
2025-02-12 17:01:32,323 [Worker-12: Importing Maven projects] INFO  o.e.m.c.i.e.AbstractTransferListenerAdapter - Downloaded https://repo.maven.apache.org/maven2/org/ow2/asm/asm/5.0.4/asm-5.0.4.jar
2025-02-12 17:01:32,380 [Worker-12: Importing Maven projects] INFO  o.e.m.c.i.e.AbstractTransferListenerAdapter - Downloading https://repo.maven.apache.org/maven2/org/assertj/assertj-core/3.11.1/assertj-core-3.11.1.jar
2025-02-12 17:01:33,549 [Worker-12: Importing Maven projects] INFO  o.e.m.c.i.e.AbstractTransferListenerAdapter - Downloaded https://repo.maven.apache.org/maven2/org/assertj/assertj-core/3.11.1/assertj-core-3.11.1.jar
2025-02-12 17:01:33,616 [Worker-12: Importing Maven projects] INFO  o.e.m.c.i.e.AbstractTransferListenerAdapter - Downloading https://repo.maven.apache.org/maven2/org/mockito/mockito-core/2.23.4/mockito-core-2.23.4.jar
2025-02-12 17:01:33,817 [Worker-12: Importing Maven projects] INFO  o.e.m.c.i.e.AbstractTransferListenerAdapter - Downloaded https://repo.maven.apache.org/maven2/org/mockito/mockito-core/2.23.4/mockito-core-2.23.4.jar
2025-02-12 17:01:33,875 [Worker-12: Importing Maven projects] INFO  o.e.m.c.i.e.AbstractTransferListenerAdapter - Downloading https://repo.maven.apache.org/maven2/net/bytebuddy/byte-buddy-agent/1.9.7/byte-buddy-agent-1.9.7.jar
2025-02-12 17:01:34,243 [Worker-12: Importing Maven projects] INFO  o.e.m.c.i.e.AbstractTransferListenerAdapter - Downloaded https://repo.maven.apache.org/maven2/net/bytebuddy/byte-buddy-agent/1.9.7/byte-buddy-agent-1.9.7.jar
2025-02-12 17:01:34,298 [Worker-12: Importing Maven projects] INFO  o.e.m.c.i.e.AbstractTransferListenerAdapter - Downloading https://repo.maven.apache.org/maven2/org/hamcrest/hamcrest-library/1.3/hamcrest-library-1.3.jar
2025-02-12 17:01:34,381 [Worker-12: Importing Maven projects] INFO  o.e.m.c.i.e.AbstractTransferListenerAdapter - Downloaded https://repo.maven.apache.org/maven2/org/hamcrest/hamcrest-library/1.3/hamcrest-library-1.3.jar
2025-02-12 17:01:34,445 [Worker-12: Importing Maven projects] INFO  o.e.m.c.i.e.AbstractTransferListenerAdapter - Downloading https://repo.maven.apache.org/maven2/org/skyscreamer/jsonassert/1.5.0/jsonassert-1.5.0.jar
2025-02-12 17:01:34,726 [Worker-12: Importing Maven projects] INFO  o.e.m.c.i.e.AbstractTransferListenerAdapter - Downloaded https://repo.maven.apache.org/maven2/org/skyscreamer/jsonassert/1.5.0/jsonassert-1.5.0.jar
2025-02-12 17:01:34,783 [Worker-12: Importing Maven projects] INFO  o.e.m.c.i.e.AbstractTransferListenerAdapter - Downloading https://repo.maven.apache.org/maven2/com/vaadin/external/google/android-json/0.0.20131108.vaadin1/android-json-0.0.20131108.vaadin1.jar
2025-02-12 17:01:34,930 [Worker-12: Importing Maven projects] INFO  o.e.m.c.i.e.AbstractTransferListenerAdapter - Downloaded https://repo.maven.apache.org/maven2/com/vaadin/external/google/android-json/0.0.20131108.vaadin1/android-json-0.0.20131108.vaadin1.jar
2025-02-12 17:01:34,996 [Worker-12: Importing Maven projects] INFO  o.e.m.c.i.e.AbstractTransferListenerAdapter - Downloading https://repo.maven.apache.org/maven2/org/xmlunit/xmlunit-core/2.6.2/xmlunit-core-2.6.2.jar
2025-02-12 17:01:35,095 [Worker-12: Importing Maven projects] INFO  o.e.m.c.i.e.AbstractTransferListenerAdapter - Downloaded https://repo.maven.apache.org/maven2/org/xmlunit/xmlunit-core/2.6.2/xmlunit-core-2.6.2.jar
2025-02-12 17:01:35,183 [Worker-12: Importing Maven projects] INFO  o.e.m.c.i.e.AbstractTransferListenerAdapter - Downloading https://repo.maven.apache.org/maven2/org/springframework/boot/spring-boot-starter-mail/2.1.2.RELEASE/spring-boot-starter-mail-2.1.2.RELEASE.jar
2025-02-12 17:01:35,319 [Worker-12: Importing Maven projects] INFO  o.e.m.c.i.e.AbstractTransferListenerAdapter - Downloaded https://repo.maven.apache.org/maven2/org/springframework/boot/spring-boot-starter-mail/2.1.2.RELEASE/spring-boot-starter-mail-2.1.2.RELEASE.jar
2025-02-12 17:01:35,392 [Worker-12: Importing Maven projects] INFO  o.e.m.c.i.e.AbstractTransferListenerAdapter - Downloading https://repo.maven.apache.org/maven2/org/springframework/spring-context-support/5.1.4.RELEASE/spring-context-support-5.1.4.RELEASE.jar
2025-02-12 17:01:35,498 [Worker-12: Importing Maven projects] INFO  o.e.m.c.i.e.AbstractTransferListenerAdapter - Downloaded https://repo.maven.apache.org/maven2/org/springframework/spring-context-support/5.1.4.RELEASE/spring-context-support-5.1.4.RELEASE.jar
2025-02-12 17:01:35,557 [Worker-12: Importing Maven projects] INFO  o.e.m.c.i.e.AbstractTransferListenerAdapter - Downloading https://repo.maven.apache.org/maven2/org/springframework/boot/spring-boot-starter-security/2.1.2.RELEASE/spring-boot-starter-security-2.1.2.RELEASE.jar
2025-02-12 17:01:35,648 [Worker-12: Importing Maven projects] INFO  o.e.m.c.i.e.AbstractTransferListenerAdapter - Downloaded https://repo.maven.apache.org/maven2/org/springframework/boot/spring-boot-starter-security/2.1.2.RELEASE/spring-boot-starter-security-2.1.2.RELEASE.jar
2025-02-12 17:01:35,695 [Worker-12: Importing Maven projects] INFO  o.e.m.c.i.e.AbstractTransferListenerAdapter - Downloading https://repo.maven.apache.org/maven2/org/springframework/security/spring-security-config/5.1.3.RELEASE/spring-security-config-5.1.3.RELEASE.jar
2025-02-12 17:01:35,908 [Worker-12: Importing Maven projects] INFO  o.e.m.c.i.e.AbstractTransferListenerAdapter - Downloaded https://repo.maven.apache.org/maven2/org/springframework/security/spring-security-config/5.1.3.RELEASE/spring-security-config-5.1.3.RELEASE.jar
2025-02-12 17:01:35,978 [Worker-12: Importing Maven projects] INFO  o.e.m.c.i.e.AbstractTransferListenerAdapter - Downloading https://repo.maven.apache.org/maven2/org/springframework/security/spring-security-core/5.1.3.RELEASE/spring-security-core-5.1.3.RELEASE.jar
2025-02-12 17:01:36,116 [Worker-12: Importing Maven projects] INFO  o.e.m.c.i.e.AbstractTransferListenerAdapter - Downloaded https://repo.maven.apache.org/maven2/org/springframework/security/spring-security-core/5.1.3.RELEASE/spring-security-core-5.1.3.RELEASE.jar
2025-02-12 17:01:36,179 [Worker-12: Importing Maven projects] INFO  o.e.m.c.i.e.AbstractTransferListenerAdapter - Downloading https://repo.maven.apache.org/maven2/org/springframework/security/spring-security-web/5.1.3.RELEASE/spring-security-web-5.1.3.RELEASE.jar
2025-02-12 17:01:36,331 [Worker-12: Importing Maven projects] INFO  o.e.m.c.i.e.AbstractTransferListenerAdapter - Downloaded https://repo.maven.apache.org/maven2/org/springframework/security/spring-security-web/5.1.3.RELEASE/spring-security-web-5.1.3.RELEASE.jar
2025-02-12 17:01:36,384 [Worker-12: Importing Maven projects] INFO  o.e.m.c.i.e.AbstractTransferListenerAdapter - Downloading https://repo.maven.apache.org/maven2/io/jsonwebtoken/jjwt/0.9.1/jjwt-0.9.1.jar
2025-02-12 17:01:36,497 [Worker-12: Importing Maven projects] INFO  o.e.m.c.i.e.AbstractTransferListenerAdapter - Downloaded https://repo.maven.apache.org/maven2/io/jsonwebtoken/jjwt/0.9.1/jjwt-0.9.1.jar
2025-02-12 17:01:39,008 [Worker-12: Importing Maven projects] INFO  o.e.m.c.i.e.AbstractTransferListenerAdapter - Downloading https://repo.maven.apache.org/maven2/org/apache/maven/plugins/maven-jar-plugin/3.1.1/maven-jar-plugin-3.1.1.pom
2025-02-12 17:01:39,172 [Worker-12: Importing Maven projects] INFO  o.e.m.c.i.e.AbstractTransferListenerAdapter - Downloaded https://repo.maven.apache.org/maven2/org/apache/maven/plugins/maven-jar-plugin/3.1.1/maven-jar-plugin-3.1.1.pom
2025-02-12 17:01:39,325 [Worker-12: Importing Maven projects] INFO  o.e.m.c.i.e.AbstractTransferListenerAdapter - Downloading https://repo.maven.apache.org/maven2/org/apache/maven/maven-archiver/3.3.0/maven-archiver-3.3.0.pom
2025-02-12 17:01:39,416 [Worker-12: Importing Maven projects] INFO  o.e.m.c.i.e.AbstractTransferListenerAdapter - Downloaded https://repo.maven.apache.org/maven2/org/apache/maven/maven-archiver/3.3.0/maven-archiver-3.3.0.pom
2025-02-12 17:01:39,833 [Worker-12: Importing Maven projects] INFO  o.e.m.c.i.e.AbstractTransferListenerAdapter - Downloading https://repo.maven.apache.org/maven2/org/codehaus/plexus/plexus-archiver/3.7.0/plexus-archiver-3.7.0.pom
2025-02-12 17:01:39,914 [Worker-12: Importing Maven projects] INFO  o.e.m.c.i.e.AbstractTransferListenerAdapter - Downloaded https://repo.maven.apache.org/maven2/org/codehaus/plexus/plexus-archiver/3.7.0/plexus-archiver-3.7.0.pom
2025-02-12 17:01:39,979 [Worker-12: Importing Maven projects] INFO  o.e.m.c.i.e.AbstractTransferListenerAdapter - Downloading https://repo.maven.apache.org/maven2/org/codehaus/plexus/plexus-io/3.1.0/plexus-io-3.1.0.pom
2025-02-12 17:01:40,059 [Worker-12: Importing Maven projects] INFO  o.e.m.c.i.e.AbstractTransferListenerAdapter - Downloaded https://repo.maven.apache.org/maven2/org/codehaus/plexus/plexus-io/3.1.0/plexus-io-3.1.0.pom
2025-02-12 17:01:40,178 [Worker-12: Importing Maven projects] INFO  o.e.m.c.i.e.AbstractTransferListenerAdapter - Downloading https://repo.maven.apache.org/maven2/org/apache/maven/maven-archiver/3.3.0/maven-archiver-3.3.0.jar
2025-02-12 17:01:40,353 [Worker-12: Importing Maven projects] INFO  o.e.m.c.i.e.AbstractTransferListenerAdapter - Downloaded https://repo.maven.apache.org/maven2/org/apache/maven/maven-archiver/3.3.0/maven-archiver-3.3.0.jar
2025-02-12 17:01:40,419 [Worker-12: Importing Maven projects] INFO  o.e.m.c.i.e.AbstractTransferListenerAdapter - Downloading https://repo.maven.apache.org/maven2/org/codehaus/plexus/plexus-archiver/3.7.0/plexus-archiver-3.7.0.jar
2025-02-12 17:01:40,633 [Worker-12: Importing Maven projects] INFO  o.e.m.c.i.e.AbstractTransferListenerAdapter - Downloaded https://repo.maven.apache.org/maven2/org/codehaus/plexus/plexus-archiver/3.7.0/plexus-archiver-3.7.0.jar
2025-02-12 17:01:40,681 [Worker-12: Importing Maven projects] INFO  o.e.m.c.i.e.AbstractTransferListenerAdapter - Downloading https://repo.maven.apache.org/maven2/org/codehaus/plexus/plexus-io/3.1.0/plexus-io-3.1.0.jar
2025-02-12 17:01:40,799 [Worker-12: Importing Maven projects] INFO  o.e.m.c.i.e.AbstractTransferListenerAdapter - Downloaded https://repo.maven.apache.org/maven2/org/codehaus/plexus/plexus-io/3.1.0/plexus-io-3.1.0.jar
2025-02-12 17:01:42,276 [Worker-12: Importing Maven projects] INFO  o.e.m.j.i.AbstractJavaProjectConfigurator - Adding source folder /projectORS/src/main/java
2025-02-12 17:01:42,276 [Worker-12: Importing Maven projects] INFO  o.e.m.j.i.AbstractJavaProjectConfigurator - Adding resource folder /projectORS/src/main/resources
2025-02-12 17:01:42,285 [Worker-12: Importing Maven projects] INFO  o.e.m.j.i.AbstractJavaProjectConfigurator - Adding resource folder /projectORS/src/main/resources
2025-02-12 17:01:42,285 [Worker-12: Importing Maven projects] INFO  o.e.m.j.i.AbstractJavaProjectConfigurator - Adding source folder /projectORS/src/test/java
2025-02-12 17:01:43,518 [Worker-7: Download sources and javadoc] INFO  o.e.m.c.i.e.AbstractTransferListenerAdapter - Downloaded https://repo.maven.apache.org/maven2/org/springframework/boot/spring-boot-starter-actuator/2.1.2.RELEASE/spring-boot-starter-actuator-2.1.2.RELEASE-sources.jar
2025-02-12 17:01:43,524 [Worker-7: Download sources and javadoc] ERROR o.e.m.j.internal.DownloadSourcesJob - Could not download sources for org.springframework.boot:spring-boot-starter-actuator:2.1.2.RELEASE
org.eclipse.core.runtime.CoreException: Could not resolve artifact org.springframework.boot:spring-boot-starter-actuator:jar:sources:2.1.2.RELEASE
	at org.eclipse.m2e.core.internal.embedder.MavenImpl.lambda$4(MavenImpl.java:763)
	at org.eclipse.m2e.core.internal.embedder.MavenExecutionContext.executeBare(MavenExecutionContext.java:177)
	at org.eclipse.m2e.core.internal.embedder.MavenExecutionContext.execute(MavenExecutionContext.java:112)
	at org.eclipse.m2e.core.internal.embedder.MavenExecutionContext.execute(MavenExecutionContext.java:99)
	at org.eclipse.m2e.core.internal.embedder.MavenImpl.resolve(MavenImpl.java:731)
	at org.eclipse.m2e.core.internal.embedder.MavenImpl.resolve(MavenImpl.java:708)
	at org.eclipse.m2e.jdt.internal.DownloadSourcesJob.download(DownloadSourcesJob.java:279)
	at org.eclipse.m2e.jdt.internal.DownloadSourcesJob.downloadAttachments(DownloadSourcesJob.java:254)
	at org.eclipse.m2e.jdt.internal.DownloadSourcesJob.downloadMaven(DownloadSourcesJob.java:221)
	at org.eclipse.m2e.jdt.internal.DownloadSourcesJob.run(DownloadSourcesJob.java:161)
	at org.eclipse.m2e.jdt.internal.DownloadSourcesJob$1.call(DownloadSourcesJob.java:137)
	at org.eclipse.m2e.jdt.internal.DownloadSourcesJob$1.call(DownloadSourcesJob.java:1)
	at org.eclipse.m2e.core.internal.embedder.MavenExecutionContext.executeBare(MavenExecutionContext.java:177)
	at org.eclipse.m2e.core.internal.embedder.MavenExecutionContext.execute(MavenExecutionContext.java:151)
	at org.eclipse.m2e.core.internal.embedder.MavenExecutionContext.execute(MavenExecutionContext.java:99)
	at org.eclipse.m2e.core.internal.embedder.MavenImpl.execute(MavenImpl.java:1336)
	at org.eclipse.m2e.jdt.internal.DownloadSourcesJob.run(DownloadSourcesJob.java:135)
	at org.eclipse.core.internal.jobs.Worker.run(Worker.java:63)
2025-02-12 17:01:43,583 [Worker-7: Download sources and javadoc] INFO  o.e.m.c.i.e.AbstractTransferListenerAdapter - Downloading https://repo.maven.apache.org/maven2/org/springframework/boot/spring-boot-actuator-autoconfigure/2.1.2.RELEASE/spring-boot-actuator-autoconfigure-2.1.2.RELEASE-sources.jar
2025-02-12 17:01:43,890 [Worker-7: Download sources and javadoc] INFO  o.e.m.c.i.e.AbstractTransferListenerAdapter - Downloaded https://repo.maven.apache.org/maven2/org/springframework/boot/spring-boot-actuator-autoconfigure/2.1.2.RELEASE/spring-boot-actuator-autoconfigure-2.1.2.RELEASE-sources.jar
2025-02-12 17:01:43,938 [Worker-7: Download sources and javadoc] INFO  o.e.m.j.internal.DownloadSourcesJob - Downloaded sources for org.springframework.boot:spring-boot-actuator-autoconfigure:2.1.2.RELEASE
2025-02-12 17:01:43,995 [Worker-7: Download sources and javadoc] INFO  o.e.m.c.i.e.AbstractTransferListenerAdapter - Downloading https://repo.maven.apache.org/maven2/org/springframework/boot/spring-boot-actuator/2.1.2.RELEASE/spring-boot-actuator-2.1.2.RELEASE-sources.jar
2025-02-12 17:01:44,163 [Worker-7: Download sources and javadoc] INFO  o.e.m.c.i.e.AbstractTransferListenerAdapter - Downloaded https://repo.maven.apache.org/maven2/org/springframework/boot/spring-boot-actuator/2.1.2.RELEASE/spring-boot-actuator-2.1.2.RELEASE-sources.jar
2025-02-12 17:01:44,201 [Worker-7: Download sources and javadoc] INFO  o.e.m.j.internal.DownloadSourcesJob - Downloaded sources for org.springframework.boot:spring-boot-actuator:2.1.2.RELEASE
2025-02-12 17:01:44,258 [Worker-7: Download sources and javadoc] INFO  o.e.m.c.i.e.AbstractTransferListenerAdapter - Downloading https://repo.maven.apache.org/maven2/io/micrometer/micrometer-core/1.1.2/micrometer-core-1.1.2-sources.jar
2025-02-12 17:01:44,347 [Worker-7: Download sources and javadoc] INFO  o.e.m.c.i.e.AbstractTransferListenerAdapter - Downloaded https://repo.maven.apache.org/maven2/io/micrometer/micrometer-core/1.1.2/micrometer-core-1.1.2-sources.jar
2025-02-12 17:01:44,391 [Worker-7: Download sources and javadoc] INFO  o.e.m.j.internal.DownloadSourcesJob - Downloaded sources for io.micrometer:micrometer-core:1.1.2
2025-02-12 17:01:44,430 [Worker-7: Download sources and javadoc] INFO  o.e.m.c.i.e.AbstractTransferListenerAdapter - Downloading https://repo.maven.apache.org/maven2/org/hdrhistogram/HdrHistogram/2.1.9/HdrHistogram-2.1.9-sources.jar
2025-02-12 17:01:44,511 [Worker-7: Download sources and javadoc] INFO  o.e.m.c.i.e.AbstractTransferListenerAdapter - Downloaded https://repo.maven.apache.org/maven2/org/hdrhistogram/HdrHistogram/2.1.9/HdrHistogram-2.1.9-sources.jar
2025-02-12 17:01:44,559 [Worker-7: Download sources and javadoc] INFO  o.e.m.j.internal.DownloadSourcesJob - Downloaded sources for org.hdrhistogram:HdrHistogram:2.1.9
2025-02-12 17:01:44,612 [Worker-7: Download sources and javadoc] INFO  o.e.m.c.i.e.AbstractTransferListenerAdapter - Downloading https://repo.maven.apache.org/maven2/org/latencyutils/LatencyUtils/2.0.3/LatencyUtils-2.0.3-sources.jar
2025-02-12 17:01:44,805 [Worker-7: Download sources and javadoc] INFO  o.e.m.c.i.e.AbstractTransferListenerAdapter - Downloaded https://repo.maven.apache.org/maven2/org/latencyutils/LatencyUtils/2.0.3/LatencyUtils-2.0.3-sources.jar
2025-02-12 17:01:44,938 [Worker-7: Download sources and javadoc] INFO  o.e.m.j.internal.DownloadSourcesJob - Downloaded sources for org.latencyutils:LatencyUtils:2.0.3
2025-02-12 17:01:45,111 [Worker-7: Download sources and javadoc] INFO  o.e.m.c.i.e.AbstractTransferListenerAdapter - Downloading https://repo.maven.apache.org/maven2/c3p0/c3p0/0.9.1.2/c3p0-0.9.1.2-sources.jar
2025-02-12 17:01:45,228 [Worker-7: Download sources and javadoc] INFO  o.e.m.c.i.e.AbstractTransferListenerAdapter - Downloaded https://repo.maven.apache.org/maven2/c3p0/c3p0/0.9.1.2/c3p0-0.9.1.2-sources.jar
2025-02-12 17:01:45,271 [Worker-7: Download sources and javadoc] INFO  o.e.m.j.internal.DownloadSourcesJob - Downloaded sources for c3p0:c3p0:0.9.1.2
2025-02-12 17:01:45,591 [Worker-7: Download sources and javadoc] INFO  o.e.m.c.i.e.AbstractTransferListenerAdapter - Downloaded https://repo.maven.apache.org/maven2/org/springframework/boot/spring-boot-starter-test/2.1.2.RELEASE/spring-boot-starter-test-2.1.2.RELEASE-sources.jar
2025-02-12 17:01:45,592 [Worker-7: Download sources and javadoc] ERROR o.e.m.j.internal.DownloadSourcesJob - Could not download sources for org.springframework.boot:spring-boot-starter-test:2.1.2.RELEASE
org.eclipse.core.runtime.CoreException: Could not resolve artifact org.springframework.boot:spring-boot-starter-test:jar:sources:2.1.2.RELEASE
	at org.eclipse.m2e.core.internal.embedder.MavenImpl.lambda$4(MavenImpl.java:763)
	at org.eclipse.m2e.core.internal.embedder.MavenExecutionContext.executeBare(MavenExecutionContext.java:177)
	at org.eclipse.m2e.core.internal.embedder.MavenExecutionContext.execute(MavenExecutionContext.java:112)
	at org.eclipse.m2e.core.internal.embedder.MavenExecutionContext.execute(MavenExecutionContext.java:99)
	at org.eclipse.m2e.core.internal.embedder.MavenImpl.resolve(MavenImpl.java:731)
	at org.eclipse.m2e.core.internal.embedder.MavenImpl.resolve(MavenImpl.java:708)
	at org.eclipse.m2e.jdt.internal.DownloadSourcesJob.download(DownloadSourcesJob.java:279)
	at org.eclipse.m2e.jdt.internal.DownloadSourcesJob.downloadAttachments(DownloadSourcesJob.java:254)
	at org.eclipse.m2e.jdt.internal.DownloadSourcesJob.downloadMaven(DownloadSourcesJob.java:221)
	at org.eclipse.m2e.jdt.internal.DownloadSourcesJob.run(DownloadSourcesJob.java:161)
	at org.eclipse.m2e.jdt.internal.DownloadSourcesJob$1.call(DownloadSourcesJob.java:137)
	at org.eclipse.m2e.jdt.internal.DownloadSourcesJob$1.call(DownloadSourcesJob.java:1)
	at org.eclipse.m2e.core.internal.embedder.MavenExecutionContext.executeBare(MavenExecutionContext.java:177)
	at org.eclipse.m2e.core.internal.embedder.MavenExecutionContext.execute(MavenExecutionContext.java:151)
	at org.eclipse.m2e.core.internal.embedder.MavenExecutionContext.execute(MavenExecutionContext.java:99)
	at org.eclipse.m2e.core.internal.embedder.MavenImpl.execute(MavenImpl.java:1336)
	at org.eclipse.m2e.jdt.internal.DownloadSourcesJob.run(DownloadSourcesJob.java:135)
	at org.eclipse.core.internal.jobs.Worker.run(Worker.java:63)
2025-02-12 17:01:45,652 [Worker-7: Download sources and javadoc] INFO  o.e.m.c.i.e.AbstractTransferListenerAdapter - Downloading https://repo.maven.apache.org/maven2/org/springframework/boot/spring-boot-test/2.1.2.RELEASE/spring-boot-test-2.1.2.RELEASE-sources.jar
2025-02-12 17:01:45,749 [Worker-7: Download sources and javadoc] INFO  o.e.m.c.i.e.AbstractTransferListenerAdapter - Downloaded https://repo.maven.apache.org/maven2/org/springframework/boot/spring-boot-test/2.1.2.RELEASE/spring-boot-test-2.1.2.RELEASE-sources.jar
2025-02-12 17:01:45,861 [Worker-7: Download sources and javadoc] INFO  o.e.m.j.internal.DownloadSourcesJob - Downloaded sources for org.springframework.boot:spring-boot-test:2.1.2.RELEASE
2025-02-12 17:01:45,921 [Worker-7: Download sources and javadoc] INFO  o.e.m.c.i.e.AbstractTransferListenerAdapter - Downloading https://repo.maven.apache.org/maven2/org/springframework/boot/spring-boot-test-autoconfigure/2.1.2.RELEASE/spring-boot-test-autoconfigure-2.1.2.RELEASE-sources.jar
2025-02-12 17:01:46,047 [Worker-7: Download sources and javadoc] INFO  o.e.m.c.i.e.AbstractTransferListenerAdapter - Downloaded https://repo.maven.apache.org/maven2/org/springframework/boot/spring-boot-test-autoconfigure/2.1.2.RELEASE/spring-boot-test-autoconfigure-2.1.2.RELEASE-sources.jar
2025-02-12 17:01:46,117 [Worker-7: Download sources and javadoc] INFO  o.e.m.j.internal.DownloadSourcesJob - Downloaded sources for org.springframework.boot:spring-boot-test-autoconfigure:2.1.2.RELEASE
2025-02-12 17:01:46,177 [Worker-7: Download sources and javadoc] INFO  o.e.m.c.i.e.AbstractTransferListenerAdapter - Downloading https://repo.maven.apache.org/maven2/com/jayway/jsonpath/json-path/2.4.0/json-path-2.4.0-sources.jar
2025-02-12 17:01:46,288 [Worker-7: Download sources and javadoc] INFO  o.e.m.c.i.e.AbstractTransferListenerAdapter - Downloaded https://repo.maven.apache.org/maven2/com/jayway/jsonpath/json-path/2.4.0/json-path-2.4.0-sources.jar
2025-02-12 17:01:46,348 [Worker-7: Download sources and javadoc] INFO  o.e.m.j.internal.DownloadSourcesJob - Downloaded sources for com.jayway.jsonpath:json-path:2.4.0
2025-02-12 17:01:46,409 [Worker-7: Download sources and javadoc] INFO  o.e.m.c.i.e.AbstractTransferListenerAdapter - Downloading https://repo.maven.apache.org/maven2/net/minidev/json-smart/2.3/json-smart-2.3-sources.jar
2025-02-12 17:01:46,496 [Worker-7: Download sources and javadoc] INFO  o.e.m.c.i.e.AbstractTransferListenerAdapter - Downloaded https://repo.maven.apache.org/maven2/net/minidev/json-smart/2.3/json-smart-2.3-sources.jar
2025-02-12 17:01:46,514 [Worker-12: Importing Maven projects] INFO  o.e.m.c.i.p.ProjectConfigurationManager - Imported and configured 1 project(s) in 32 sec
2025-02-12 17:01:46,567 [Worker-7: Download sources and javadoc] INFO  o.e.m.j.internal.DownloadSourcesJob - Downloaded sources for net.minidev:json-smart:2.3
2025-02-12 17:01:46,630 [Worker-7: Download sources and javadoc] INFO  o.e.m.c.i.e.AbstractTransferListenerAdapter - Downloading https://repo.maven.apache.org/maven2/net/minidev/accessors-smart/1.2/accessors-smart-1.2-sources.jar
2025-02-12 17:01:46,896 [Worker-7: Download sources and javadoc] INFO  o.e.m.c.i.e.AbstractTransferListenerAdapter - Downloaded https://repo.maven.apache.org/maven2/net/minidev/accessors-smart/1.2/accessors-smart-1.2-sources.jar
2025-02-12 17:01:47,262 [Worker-7: Download sources and javadoc] INFO  o.e.m.j.internal.DownloadSourcesJob - Downloaded sources for net.minidev:accessors-smart:1.2
2025-02-12 17:01:47,352 [Worker-7: Download sources and javadoc] INFO  o.e.m.c.i.e.AbstractTransferListenerAdapter - Downloading https://repo.maven.apache.org/maven2/org/ow2/asm/asm/5.0.4/asm-5.0.4-sources.jar
2025-02-12 17:01:47,850 [Worker-7: Download sources and javadoc] INFO  o.e.m.c.i.e.AbstractTransferListenerAdapter - Downloaded https://repo.maven.apache.org/maven2/org/ow2/asm/asm/5.0.4/asm-5.0.4-sources.jar
2025-02-12 17:01:47,941 [Worker-7: Download sources and javadoc] INFO  o.e.m.j.internal.DownloadSourcesJob - Downloaded sources for org.ow2.asm:asm:5.0.4
2025-02-12 17:01:47,995 [Worker-7: Download sources and javadoc] INFO  o.e.m.c.i.e.AbstractTransferListenerAdapter - Downloading https://repo.maven.apache.org/maven2/org/assertj/assertj-core/3.11.1/assertj-core-3.11.1-sources.jar
2025-02-12 17:01:48,254 [Worker-7: Download sources and javadoc] INFO  o.e.m.c.i.e.AbstractTransferListenerAdapter - Downloaded https://repo.maven.apache.org/maven2/org/assertj/assertj-core/3.11.1/assertj-core-3.11.1-sources.jar
2025-02-12 17:01:48,341 [Worker-7: Download sources and javadoc] INFO  o.e.m.j.internal.DownloadSourcesJob - Downloaded sources for org.assertj:assertj-core:3.11.1
2025-02-12 17:01:48,401 [Worker-7: Download sources and javadoc] INFO  o.e.m.c.i.e.AbstractTransferListenerAdapter - Downloading https://repo.maven.apache.org/maven2/org/mockito/mockito-core/2.23.4/mockito-core-2.23.4-sources.jar
2025-02-12 17:01:48,559 [Worker-7: Download sources and javadoc] INFO  o.e.m.c.i.e.AbstractTransferListenerAdapter - Downloaded https://repo.maven.apache.org/maven2/org/mockito/mockito-core/2.23.4/mockito-core-2.23.4-sources.jar
2025-02-12 17:01:48,645 [Worker-7: Download sources and javadoc] INFO  o.e.m.j.internal.DownloadSourcesJob - Downloaded sources for org.mockito:mockito-core:2.23.4
2025-02-12 17:01:48,802 [Worker-7: Download sources and javadoc] INFO  o.e.m.c.i.e.AbstractTransferListenerAdapter - Downloading https://repo.maven.apache.org/maven2/net/bytebuddy/byte-buddy-agent/1.9.7/byte-buddy-agent-1.9.7-sources.jar
2025-02-12 17:01:49,466 [Worker-7: Download sources and javadoc] INFO  o.e.m.c.i.e.AbstractTransferListenerAdapter - Downloaded https://repo.maven.apache.org/maven2/net/bytebuddy/byte-buddy-agent/1.9.7/byte-buddy-agent-1.9.7-sources.jar
2025-02-12 17:01:49,919 [Worker-7: Download sources and javadoc] INFO  o.e.m.j.internal.DownloadSourcesJob - Downloaded sources for net.bytebuddy:byte-buddy-agent:1.9.7
2025-02-12 17:01:50,085 [Worker-7: Download sources and javadoc] INFO  o.e.m.c.i.e.AbstractTransferListenerAdapter - Downloading https://repo.maven.apache.org/maven2/org/objenesis/objenesis/2.6/objenesis-2.6-sources.jar
2025-02-12 17:01:50,240 [Worker-7: Download sources and javadoc] INFO  o.e.m.c.i.e.AbstractTransferListenerAdapter - Downloaded https://repo.maven.apache.org/maven2/org/objenesis/objenesis/2.6/objenesis-2.6-sources.jar
2025-02-12 17:01:50,514 [Worker-7: Download sources and javadoc] INFO  o.e.m.j.internal.DownloadSourcesJob - Downloaded sources for org.objenesis:objenesis:2.6
2025-02-12 17:01:50,720 [Worker-7: Download sources and javadoc] INFO  o.e.m.c.i.e.AbstractTransferListenerAdapter - Downloading https://repo.maven.apache.org/maven2/org/hamcrest/hamcrest-library/1.3/hamcrest-library-1.3-sources.jar
2025-02-12 17:01:51,539 [Worker-7: Download sources and javadoc] INFO  o.e.m.c.i.e.AbstractTransferListenerAdapter - Downloaded https://repo.maven.apache.org/maven2/org/hamcrest/hamcrest-library/1.3/hamcrest-library-1.3-sources.jar
2025-02-12 17:01:52,191 [Worker-7: Download sources and javadoc] INFO  o.e.m.j.internal.DownloadSourcesJob - Downloaded sources for org.hamcrest:hamcrest-library:1.3
2025-02-12 17:01:52,316 [Worker-7: Download sources and javadoc] INFO  o.e.m.c.i.e.AbstractTransferListenerAdapter - Downloading https://repo.maven.apache.org/maven2/org/skyscreamer/jsonassert/1.5.0/jsonassert-1.5.0-sources.jar
2025-02-12 17:01:52,803 [Worker-7: Download sources and javadoc] INFO  o.e.m.c.i.e.AbstractTransferListenerAdapter - Downloaded https://repo.maven.apache.org/maven2/org/skyscreamer/jsonassert/1.5.0/jsonassert-1.5.0-sources.jar
2025-02-12 17:01:53,084 [Worker-7: Download sources and javadoc] INFO  o.e.m.j.internal.DownloadSourcesJob - Downloaded sources for org.skyscreamer:jsonassert:1.5.0
2025-02-12 17:01:53,272 [Worker-7: Download sources and javadoc] INFO  o.e.m.c.i.e.AbstractTransferListenerAdapter - Downloading https://repo.maven.apache.org/maven2/com/vaadin/external/google/android-json/0.0.20131108.vaadin1/android-json-0.0.20131108.vaadin1-sources.jar
2025-02-12 17:01:53,350 [Worker-7: Download sources and javadoc] INFO  o.e.m.c.i.e.AbstractTransferListenerAdapter - Downloaded https://repo.maven.apache.org/maven2/com/vaadin/external/google/android-json/0.0.20131108.vaadin1/android-json-0.0.20131108.vaadin1-sources.jar
2025-02-12 17:01:53,407 [Worker-7: Download sources and javadoc] INFO  o.e.m.j.internal.DownloadSourcesJob - Downloaded sources for com.vaadin.external.google:android-json:0.0.20131108.vaadin1
2025-02-12 17:01:53,606 [Worker-7: Download sources and javadoc] INFO  o.e.m.c.i.e.AbstractTransferListenerAdapter - Downloading https://repo.maven.apache.org/maven2/org/xmlunit/xmlunit-core/2.6.2/xmlunit-core-2.6.2-sources.jar
2025-02-12 17:01:53,752 [Worker-7: Download sources and javadoc] INFO  o.e.m.c.i.e.AbstractTransferListenerAdapter - Downloaded https://repo.maven.apache.org/maven2/org/xmlunit/xmlunit-core/2.6.2/xmlunit-core-2.6.2-sources.jar
2025-02-12 17:01:53,821 [Worker-7: Download sources and javadoc] INFO  o.e.m.j.internal.DownloadSourcesJob - Downloaded sources for org.xmlunit:xmlunit-core:2.6.2
2025-02-12 17:01:54,132 [Worker-7: Download sources and javadoc] INFO  o.e.m.c.i.e.AbstractTransferListenerAdapter - Downloaded https://repo.maven.apache.org/maven2/org/springframework/boot/spring-boot-starter-mail/2.1.2.RELEASE/spring-boot-starter-mail-2.1.2.RELEASE-sources.jar
2025-02-12 17:01:54,135 [Worker-7: Download sources and javadoc] ERROR o.e.m.j.internal.DownloadSourcesJob - Could not download sources for org.springframework.boot:spring-boot-starter-mail:2.1.2.RELEASE
org.eclipse.core.runtime.CoreException: Could not resolve artifact org.springframework.boot:spring-boot-starter-mail:jar:sources:2.1.2.RELEASE
	at org.eclipse.m2e.core.internal.embedder.MavenImpl.lambda$4(MavenImpl.java:763)
	at org.eclipse.m2e.core.internal.embedder.MavenExecutionContext.executeBare(MavenExecutionContext.java:177)
	at org.eclipse.m2e.core.internal.embedder.MavenExecutionContext.execute(MavenExecutionContext.java:112)
	at org.eclipse.m2e.core.internal.embedder.MavenExecutionContext.execute(MavenExecutionContext.java:99)
	at org.eclipse.m2e.core.internal.embedder.MavenImpl.resolve(MavenImpl.java:731)
	at org.eclipse.m2e.core.internal.embedder.MavenImpl.resolve(MavenImpl.java:708)
	at org.eclipse.m2e.jdt.internal.DownloadSourcesJob.download(DownloadSourcesJob.java:279)
	at org.eclipse.m2e.jdt.internal.DownloadSourcesJob.downloadAttachments(DownloadSourcesJob.java:254)
	at org.eclipse.m2e.jdt.internal.DownloadSourcesJob.downloadMaven(DownloadSourcesJob.java:221)
	at org.eclipse.m2e.jdt.internal.DownloadSourcesJob.run(DownloadSourcesJob.java:161)
	at org.eclipse.m2e.jdt.internal.DownloadSourcesJob$1.call(DownloadSourcesJob.java:137)
	at org.eclipse.m2e.jdt.internal.DownloadSourcesJob$1.call(DownloadSourcesJob.java:1)
	at org.eclipse.m2e.core.internal.embedder.MavenExecutionContext.executeBare(MavenExecutionContext.java:177)
	at org.eclipse.m2e.core.internal.embedder.MavenExecutionContext.execute(MavenExecutionContext.java:151)
	at org.eclipse.m2e.core.internal.embedder.MavenExecutionContext.execute(MavenExecutionContext.java:99)
	at org.eclipse.m2e.core.internal.embedder.MavenImpl.execute(MavenImpl.java:1336)
	at org.eclipse.m2e.jdt.internal.DownloadSourcesJob.run(DownloadSourcesJob.java:135)
	at org.eclipse.core.internal.jobs.Worker.run(Worker.java:63)
2025-02-12 17:01:54,238 [Worker-7: Download sources and javadoc] INFO  o.e.m.c.i.e.AbstractTransferListenerAdapter - Downloading https://repo.maven.apache.org/maven2/org/springframework/spring-context-support/5.1.4.RELEASE/spring-context-support-5.1.4.RELEASE-sources.jar
2025-02-12 17:01:54,356 [Worker-7: Download sources and javadoc] INFO  o.e.m.c.i.e.AbstractTransferListenerAdapter - Downloaded https://repo.maven.apache.org/maven2/org/springframework/spring-context-support/5.1.4.RELEASE/spring-context-support-5.1.4.RELEASE-sources.jar
2025-02-12 17:01:54,392 [Worker-7: Download sources and javadoc] INFO  o.e.m.j.internal.DownloadSourcesJob - Downloaded sources for org.springframework:spring-context-support:5.1.4.RELEASE
2025-02-12 17:01:54,740 [Worker-7: Download sources and javadoc] INFO  o.e.m.c.i.e.AbstractTransferListenerAdapter - Downloaded https://repo.maven.apache.org/maven2/org/springframework/boot/spring-boot-starter-security/2.1.2.RELEASE/spring-boot-starter-security-2.1.2.RELEASE-sources.jar
2025-02-12 17:01:54,742 [Worker-7: Download sources and javadoc] ERROR o.e.m.j.internal.DownloadSourcesJob - Could not download sources for org.springframework.boot:spring-boot-starter-security:2.1.2.RELEASE
org.eclipse.core.runtime.CoreException: Could not resolve artifact org.springframework.boot:spring-boot-starter-security:jar:sources:2.1.2.RELEASE
	at org.eclipse.m2e.core.internal.embedder.MavenImpl.lambda$4(MavenImpl.java:763)
	at org.eclipse.m2e.core.internal.embedder.MavenExecutionContext.executeBare(MavenExecutionContext.java:177)
	at org.eclipse.m2e.core.internal.embedder.MavenExecutionContext.execute(MavenExecutionContext.java:112)
	at org.eclipse.m2e.core.internal.embedder.MavenExecutionContext.execute(MavenExecutionContext.java:99)
	at org.eclipse.m2e.core.internal.embedder.MavenImpl.resolve(MavenImpl.java:731)
	at org.eclipse.m2e.core.internal.embedder.MavenImpl.resolve(MavenImpl.java:708)
	at org.eclipse.m2e.jdt.internal.DownloadSourcesJob.download(DownloadSourcesJob.java:279)
	at org.eclipse.m2e.jdt.internal.DownloadSourcesJob.downloadAttachments(DownloadSourcesJob.java:254)
	at org.eclipse.m2e.jdt.internal.DownloadSourcesJob.downloadMaven(DownloadSourcesJob.java:221)
	at org.eclipse.m2e.jdt.internal.DownloadSourcesJob.run(DownloadSourcesJob.java:161)
	at org.eclipse.m2e.jdt.internal.DownloadSourcesJob$1.call(DownloadSourcesJob.java:137)
	at org.eclipse.m2e.jdt.internal.DownloadSourcesJob$1.call(DownloadSourcesJob.java:1)
	at org.eclipse.m2e.core.internal.embedder.MavenExecutionContext.executeBare(MavenExecutionContext.java:177)
	at org.eclipse.m2e.core.internal.embedder.MavenExecutionContext.execute(MavenExecutionContext.java:151)
	at org.eclipse.m2e.core.internal.embedder.MavenExecutionContext.execute(MavenExecutionContext.java:99)
	at org.eclipse.m2e.core.internal.embedder.MavenImpl.execute(MavenImpl.java:1336)
	at org.eclipse.m2e.jdt.internal.DownloadSourcesJob.run(DownloadSourcesJob.java:135)
	at org.eclipse.core.internal.jobs.Worker.run(Worker.java:63)
2025-02-12 17:01:54,872 [Worker-7: Download sources and javadoc] INFO  o.e.m.c.i.e.AbstractTransferListenerAdapter - Downloading https://repo.maven.apache.org/maven2/org/springframework/security/spring-security-config/5.1.3.RELEASE/spring-security-config-5.1.3.RELEASE-sources.jar
2025-02-12 17:01:55,027 [Worker-7: Download sources and javadoc] INFO  o.e.m.c.i.e.AbstractTransferListenerAdapter - Downloaded https://repo.maven.apache.org/maven2/org/springframework/security/spring-security-config/5.1.3.RELEASE/spring-security-config-5.1.3.RELEASE-sources.jar
2025-02-12 17:01:55,068 [Worker-7: Download sources and javadoc] INFO  o.e.m.j.internal.DownloadSourcesJob - Downloaded sources for org.springframework.security:spring-security-config:5.1.3.RELEASE
2025-02-12 17:01:55,193 [Worker-7: Download sources and javadoc] INFO  o.e.m.c.i.e.AbstractTransferListenerAdapter - Downloading https://repo.maven.apache.org/maven2/org/springframework/security/spring-security-core/5.1.3.RELEASE/spring-security-core-5.1.3.RELEASE-sources.jar
2025-02-12 17:01:55,630 [Worker-7: Download sources and javadoc] INFO  o.e.m.c.i.e.AbstractTransferListenerAdapter - Downloaded https://repo.maven.apache.org/maven2/org/springframework/security/spring-security-core/5.1.3.RELEASE/spring-security-core-5.1.3.RELEASE-sources.jar
2025-02-12 17:01:55,669 [Worker-7: Download sources and javadoc] INFO  o.e.m.j.internal.DownloadSourcesJob - Downloaded sources for org.springframework.security:spring-security-core:5.1.3.RELEASE
2025-02-12 17:01:55,732 [Worker-7: Download sources and javadoc] INFO  o.e.m.c.i.e.AbstractTransferListenerAdapter - Downloading https://repo.maven.apache.org/maven2/org/springframework/security/spring-security-web/5.1.3.RELEASE/spring-security-web-5.1.3.RELEASE-sources.jar
2025-02-12 17:01:55,880 [Worker-7: Download sources and javadoc] INFO  o.e.m.c.i.e.AbstractTransferListenerAdapter - Downloaded https://repo.maven.apache.org/maven2/org/springframework/security/spring-security-web/5.1.3.RELEASE/spring-security-web-5.1.3.RELEASE-sources.jar
2025-02-12 17:01:55,917 [Worker-7: Download sources and javadoc] INFO  o.e.m.j.internal.DownloadSourcesJob - Downloaded sources for org.springframework.security:spring-security-web:5.1.3.RELEASE
2025-02-12 17:01:55,994 [Worker-7: Download sources and javadoc] INFO  o.e.m.c.i.e.AbstractTransferListenerAdapter - Downloading https://repo.maven.apache.org/maven2/io/jsonwebtoken/jjwt/0.9.1/jjwt-0.9.1-sources.jar
2025-02-12 17:01:56,078 [Worker-7: Download sources and javadoc] INFO  o.e.m.c.i.e.AbstractTransferListenerAdapter - Downloaded https://repo.maven.apache.org/maven2/io/jsonwebtoken/jjwt/0.9.1/jjwt-0.9.1-sources.jar
2025-02-12 17:01:56,152 [Worker-7: Download sources and javadoc] INFO  o.e.m.j.internal.DownloadSourcesJob - Downloaded sources for io.jsonwebtoken:jjwt:0.9.1
2025-02-12 17:03:34,716 [Worker-18: Download sources and javadoc] INFO  o.e.m.c.i.e.AbstractTransferListenerAdapter - Downloaded https://repo.maven.apache.org/maven2/org/springframework/boot/spring-boot-starter-actuator/2.1.2.RELEASE/spring-boot-starter-actuator-2.1.2.RELEASE-javadoc.jar
2025-02-12 17:03:34,719 [Worker-18: Download sources and javadoc] ERROR o.e.m.j.internal.DownloadSourcesJob - Could not download javadoc for org.springframework.boot:spring-boot-starter-actuator:2.1.2.RELEASE
org.eclipse.core.runtime.CoreException: Could not resolve artifact org.springframework.boot:spring-boot-starter-actuator:jar:javadoc:2.1.2.RELEASE
	at org.eclipse.m2e.core.internal.embedder.MavenImpl.lambda$4(MavenImpl.java:763)
	at org.eclipse.m2e.core.internal.embedder.MavenExecutionContext.executeBare(MavenExecutionContext.java:177)
	at org.eclipse.m2e.core.internal.embedder.MavenExecutionContext.execute(MavenExecutionContext.java:112)
	at org.eclipse.m2e.core.internal.embedder.MavenExecutionContext.execute(MavenExecutionContext.java:99)
	at org.eclipse.m2e.core.internal.embedder.MavenImpl.resolve(MavenImpl.java:731)
	at org.eclipse.m2e.core.internal.embedder.MavenImpl.resolve(MavenImpl.java:708)
	at org.eclipse.m2e.jdt.internal.DownloadSourcesJob.download(DownloadSourcesJob.java:279)
	at org.eclipse.m2e.jdt.internal.DownloadSourcesJob.downloadAttachments(DownloadSourcesJob.java:265)
	at org.eclipse.m2e.jdt.internal.DownloadSourcesJob.run(DownloadSourcesJob.java:169)
	at org.eclipse.m2e.jdt.internal.DownloadSourcesJob$1.call(DownloadSourcesJob.java:137)
	at org.eclipse.m2e.jdt.internal.DownloadSourcesJob$1.call(DownloadSourcesJob.java:1)
	at org.eclipse.m2e.core.internal.embedder.MavenExecutionContext.executeBare(MavenExecutionContext.java:177)
	at org.eclipse.m2e.core.internal.embedder.MavenExecutionContext.execute(MavenExecutionContext.java:151)
	at org.eclipse.m2e.core.internal.embedder.MavenExecutionContext.execute(MavenExecutionContext.java:99)
	at org.eclipse.m2e.core.internal.embedder.MavenImpl.execute(MavenImpl.java:1336)
	at org.eclipse.m2e.jdt.internal.DownloadSourcesJob.run(DownloadSourcesJob.java:135)
	at org.eclipse.core.internal.jobs.Worker.run(Worker.java:63)
2025-02-12 17:03:34,721 [Worker-18: Download sources and javadoc] WARN  o.e.m.j.internal.DownloadSourcesJob - IPackageFragmentRoot is missing, skipping javadoc/source attachment for project P/projectORS
2025-02-12 17:03:35,203 [Worker-18: Download sources and javadoc] INFO  o.e.m.c.i.e.AbstractTransferListenerAdapter - Downloaded https://repo.maven.apache.org/maven2/org/springframework/boot/spring-boot-starter-test/2.1.2.RELEASE/spring-boot-starter-test-2.1.2.RELEASE-javadoc.jar
2025-02-12 17:03:35,206 [Worker-18: Download sources and javadoc] ERROR o.e.m.j.internal.DownloadSourcesJob - Could not download javadoc for org.springframework.boot:spring-boot-starter-test:2.1.2.RELEASE
org.eclipse.core.runtime.CoreException: Could not resolve artifact org.springframework.boot:spring-boot-starter-test:jar:javadoc:2.1.2.RELEASE
	at org.eclipse.m2e.core.internal.embedder.MavenImpl.lambda$4(MavenImpl.java:763)
	at org.eclipse.m2e.core.internal.embedder.MavenExecutionContext.executeBare(MavenExecutionContext.java:177)
	at org.eclipse.m2e.core.internal.embedder.MavenExecutionContext.execute(MavenExecutionContext.java:112)
	at org.eclipse.m2e.core.internal.embedder.MavenExecutionContext.execute(MavenExecutionContext.java:99)
	at org.eclipse.m2e.core.internal.embedder.MavenImpl.resolve(MavenImpl.java:731)
	at org.eclipse.m2e.core.internal.embedder.MavenImpl.resolve(MavenImpl.java:708)
	at org.eclipse.m2e.jdt.internal.DownloadSourcesJob.download(DownloadSourcesJob.java:279)
	at org.eclipse.m2e.jdt.internal.DownloadSourcesJob.downloadAttachments(DownloadSourcesJob.java:265)
	at org.eclipse.m2e.jdt.internal.DownloadSourcesJob.run(DownloadSourcesJob.java:169)
	at org.eclipse.m2e.jdt.internal.DownloadSourcesJob$1.call(DownloadSourcesJob.java:137)
	at org.eclipse.m2e.jdt.internal.DownloadSourcesJob$1.call(DownloadSourcesJob.java:1)
	at org.eclipse.m2e.core.internal.embedder.MavenExecutionContext.executeBare(MavenExecutionContext.java:177)
	at org.eclipse.m2e.core.internal.embedder.MavenExecutionContext.execute(MavenExecutionContext.java:151)
	at org.eclipse.m2e.core.internal.embedder.MavenExecutionContext.execute(MavenExecutionContext.java:99)
	at org.eclipse.m2e.core.internal.embedder.MavenImpl.execute(MavenImpl.java:1336)
	at org.eclipse.m2e.jdt.internal.DownloadSourcesJob.run(DownloadSourcesJob.java:135)
	at org.eclipse.core.internal.jobs.Worker.run(Worker.java:63)
2025-02-12 17:03:35,207 [Worker-18: Download sources and javadoc] WARN  o.e.m.j.internal.DownloadSourcesJob - IPackageFragmentRoot is missing, skipping javadoc/source attachment for project P/projectORS
2025-02-12 17:03:35,230 [Worker-18: Download sources and javadoc] INFO  o.e.m.j.internal.DownloadSourcesJob - Downloaded sources for org.springframework.boot:spring-boot-test:2.1.2.RELEASE
2025-02-12 17:03:35,230 [Worker-18: Download sources and javadoc] WARN  o.e.m.j.internal.DownloadSourcesJob - IPackageFragmentRoot is missing, skipping javadoc/source attachment for project P/projectORS
2025-02-12 17:03:35,236 [Worker-18: Download sources and javadoc] INFO  o.e.m.j.internal.DownloadSourcesJob - Downloaded sources for org.springframework.boot:spring-boot-test-autoconfigure:2.1.2.RELEASE
2025-02-12 17:03:35,236 [Worker-18: Download sources and javadoc] WARN  o.e.m.j.internal.DownloadSourcesJob - IPackageFragmentRoot is missing, skipping javadoc/source attachment for project P/projectORS
2025-02-12 17:03:35,242 [Worker-18: Download sources and javadoc] INFO  o.e.m.j.internal.DownloadSourcesJob - Downloaded sources for com.jayway.jsonpath:json-path:2.4.0
2025-02-12 17:03:35,242 [Worker-18: Download sources and javadoc] WARN  o.e.m.j.internal.DownloadSourcesJob - IPackageFragmentRoot is missing, skipping javadoc/source attachment for project P/projectORS
2025-02-12 17:03:35,247 [Worker-18: Download sources and javadoc] INFO  o.e.m.j.internal.DownloadSourcesJob - Downloaded sources for net.minidev:json-smart:2.3
2025-02-12 17:03:35,247 [Worker-18: Download sources and javadoc] WARN  o.e.m.j.internal.DownloadSourcesJob - IPackageFragmentRoot is missing, skipping javadoc/source attachment for project P/projectORS
2025-02-12 17:03:35,252 [Worker-18: Download sources and javadoc] INFO  o.e.m.j.internal.DownloadSourcesJob - Downloaded sources for net.minidev:accessors-smart:1.2
2025-02-12 17:03:35,253 [Worker-18: Download sources and javadoc] WARN  o.e.m.j.internal.DownloadSourcesJob - IPackageFragmentRoot is missing, skipping javadoc/source attachment for project P/projectORS
2025-02-12 17:03:35,257 [Worker-18: Download sources and javadoc] INFO  o.e.m.j.internal.DownloadSourcesJob - Downloaded sources for org.ow2.asm:asm:5.0.4
2025-02-12 17:03:35,258 [Worker-18: Download sources and javadoc] WARN  o.e.m.j.internal.DownloadSourcesJob - IPackageFragmentRoot is missing, skipping javadoc/source attachment for project P/projectORS
2025-02-12 17:03:35,263 [Worker-18: Download sources and javadoc] INFO  o.e.m.j.internal.DownloadSourcesJob - Downloaded sources for org.assertj:assertj-core:3.11.1
2025-02-12 17:03:35,263 [Worker-18: Download sources and javadoc] WARN  o.e.m.j.internal.DownloadSourcesJob - IPackageFragmentRoot is missing, skipping javadoc/source attachment for project P/projectORS
2025-02-12 17:03:35,268 [Worker-18: Download sources and javadoc] INFO  o.e.m.j.internal.DownloadSourcesJob - Downloaded sources for org.mockito:mockito-core:2.23.4
2025-02-12 17:03:35,269 [Worker-18: Download sources and javadoc] WARN  o.e.m.j.internal.DownloadSourcesJob - IPackageFragmentRoot is missing, skipping javadoc/source attachment for project P/projectORS
2025-02-12 17:03:35,274 [Worker-18: Download sources and javadoc] INFO  o.e.m.j.internal.DownloadSourcesJob - Downloaded sources for net.bytebuddy:byte-buddy-agent:1.9.7
2025-02-12 17:03:35,274 [Worker-18: Download sources and javadoc] WARN  o.e.m.j.internal.DownloadSourcesJob - IPackageFragmentRoot is missing, skipping javadoc/source attachment for project P/projectORS
2025-02-12 17:03:35,279 [Worker-18: Download sources and javadoc] INFO  o.e.m.j.internal.DownloadSourcesJob - Downloaded sources for org.objenesis:objenesis:2.6
2025-02-12 17:03:35,279 [Worker-18: Download sources and javadoc] WARN  o.e.m.j.internal.DownloadSourcesJob - IPackageFragmentRoot is missing, skipping javadoc/source attachment for project P/projectORS
2025-02-12 17:03:35,283 [Worker-18: Download sources and javadoc] INFO  o.e.m.j.internal.DownloadSourcesJob - Downloaded sources for org.hamcrest:hamcrest-library:1.3
2025-02-12 17:03:35,283 [Worker-18: Download sources and javadoc] WARN  o.e.m.j.internal.DownloadSourcesJob - IPackageFragmentRoot is missing, skipping javadoc/source attachment for project P/projectORS
2025-02-12 17:03:35,287 [Worker-18: Download sources and javadoc] INFO  o.e.m.j.internal.DownloadSourcesJob - Downloaded sources for org.skyscreamer:jsonassert:1.5.0
2025-02-12 17:03:35,288 [Worker-18: Download sources and javadoc] WARN  o.e.m.j.internal.DownloadSourcesJob - IPackageFragmentRoot is missing, skipping javadoc/source attachment for project P/projectORS
2025-02-12 17:03:35,293 [Worker-18: Download sources and javadoc] INFO  o.e.m.j.internal.DownloadSourcesJob - Downloaded sources for com.vaadin.external.google:android-json:0.0.20131108.vaadin1
2025-02-12 17:03:35,293 [Worker-18: Download sources and javadoc] WARN  o.e.m.j.internal.DownloadSourcesJob - IPackageFragmentRoot is missing, skipping javadoc/source attachment for project P/projectORS
2025-02-12 17:03:35,298 [Worker-18: Download sources and javadoc] INFO  o.e.m.j.internal.DownloadSourcesJob - Downloaded sources for org.xmlunit:xmlunit-core:2.6.2
2025-02-12 17:03:35,298 [Worker-18: Download sources and javadoc] WARN  o.e.m.j.internal.DownloadSourcesJob - IPackageFragmentRoot is missing, skipping javadoc/source attachment for project P/projectORS
2025-02-12 17:03:35,670 [Worker-18: Download sources and javadoc] INFO  o.e.m.c.i.e.AbstractTransferListenerAdapter - Downloaded https://repo.maven.apache.org/maven2/org/springframework/boot/spring-boot-starter-mail/2.1.2.RELEASE/spring-boot-starter-mail-2.1.2.RELEASE-javadoc.jar
2025-02-12 17:03:35,672 [Worker-18: Download sources and javadoc] ERROR o.e.m.j.internal.DownloadSourcesJob - Could not download javadoc for org.springframework.boot:spring-boot-starter-mail:2.1.2.RELEASE
org.eclipse.core.runtime.CoreException: Could not resolve artifact org.springframework.boot:spring-boot-starter-mail:jar:javadoc:2.1.2.RELEASE
	at org.eclipse.m2e.core.internal.embedder.MavenImpl.lambda$4(MavenImpl.java:763)
	at org.eclipse.m2e.core.internal.embedder.MavenExecutionContext.executeBare(MavenExecutionContext.java:177)
	at org.eclipse.m2e.core.internal.embedder.MavenExecutionContext.execute(MavenExecutionContext.java:112)
	at org.eclipse.m2e.core.internal.embedder.MavenExecutionContext.execute(MavenExecutionContext.java:99)
	at org.eclipse.m2e.core.internal.embedder.MavenImpl.resolve(MavenImpl.java:731)
	at org.eclipse.m2e.core.internal.embedder.MavenImpl.resolve(MavenImpl.java:708)
	at org.eclipse.m2e.jdt.internal.DownloadSourcesJob.download(DownloadSourcesJob.java:279)
	at org.eclipse.m2e.jdt.internal.DownloadSourcesJob.downloadAttachments(DownloadSourcesJob.java:265)
	at org.eclipse.m2e.jdt.internal.DownloadSourcesJob.run(DownloadSourcesJob.java:169)
	at org.eclipse.m2e.jdt.internal.DownloadSourcesJob$1.call(DownloadSourcesJob.java:137)
	at org.eclipse.m2e.jdt.internal.DownloadSourcesJob$1.call(DownloadSourcesJob.java:1)
	at org.eclipse.m2e.core.internal.embedder.MavenExecutionContext.executeBare(MavenExecutionContext.java:177)
	at org.eclipse.m2e.core.internal.embedder.MavenExecutionContext.execute(MavenExecutionContext.java:151)
	at org.eclipse.m2e.core.internal.embedder.MavenExecutionContext.execute(MavenExecutionContext.java:99)
	at org.eclipse.m2e.core.internal.embedder.MavenImpl.execute(MavenImpl.java:1336)
	at org.eclipse.m2e.jdt.internal.DownloadSourcesJob.run(DownloadSourcesJob.java:135)
	at org.eclipse.core.internal.jobs.Worker.run(Worker.java:63)
2025-02-12 17:03:35,674 [Worker-18: Download sources and javadoc] WARN  o.e.m.j.internal.DownloadSourcesJob - IPackageFragmentRoot is missing, skipping javadoc/source attachment for project P/projectORS
2025-02-12 17:03:35,689 [Worker-18: Download sources and javadoc] INFO  o.e.m.j.internal.DownloadSourcesJob - Downloaded sources for org.springframework:spring-context-support:5.1.4.RELEASE
2025-02-12 17:03:35,690 [Worker-18: Download sources and javadoc] WARN  o.e.m.j.internal.DownloadSourcesJob - IPackageFragmentRoot is missing, skipping javadoc/source attachment for project P/projectORS
2025-02-12 17:03:35,831 [Worker-15: Building workspace] INFO  o.e.m.c.i.l.LifecycleMappingFactory - Using org.eclipse.m2e.jdt.JarLifecycleMapping lifecycle mapping for MavenProject: com.sunilos:springboottest:0.0.1-SNAPSHOT @ D:\Rays Software\Workspace\Project_10\ORSProj10\Project_10\pom.xml.
2025-02-12 17:03:36,159 [Worker-18: Download sources and javadoc] INFO  o.e.m.c.i.e.AbstractTransferListenerAdapter - Downloaded https://repo.maven.apache.org/maven2/org/springframework/boot/spring-boot-starter-security/2.1.2.RELEASE/spring-boot-starter-security-2.1.2.RELEASE-javadoc.jar
2025-02-12 17:03:36,162 [Worker-18: Download sources and javadoc] ERROR o.e.m.j.internal.DownloadSourcesJob - Could not download javadoc for org.springframework.boot:spring-boot-starter-security:2.1.2.RELEASE
org.eclipse.core.runtime.CoreException: Could not resolve artifact org.springframework.boot:spring-boot-starter-security:jar:javadoc:2.1.2.RELEASE
	at org.eclipse.m2e.core.internal.embedder.MavenImpl.lambda$4(MavenImpl.java:763)
	at org.eclipse.m2e.core.internal.embedder.MavenExecutionContext.executeBare(MavenExecutionContext.java:177)
	at org.eclipse.m2e.core.internal.embedder.MavenExecutionContext.execute(MavenExecutionContext.java:112)
	at org.eclipse.m2e.core.internal.embedder.MavenExecutionContext.execute(MavenExecutionContext.java:99)
	at org.eclipse.m2e.core.internal.embedder.MavenImpl.resolve(MavenImpl.java:731)
	at org.eclipse.m2e.core.internal.embedder.MavenImpl.resolve(MavenImpl.java:708)
	at org.eclipse.m2e.jdt.internal.DownloadSourcesJob.download(DownloadSourcesJob.java:279)
	at org.eclipse.m2e.jdt.internal.DownloadSourcesJob.downloadAttachments(DownloadSourcesJob.java:265)
	at org.eclipse.m2e.jdt.internal.DownloadSourcesJob.run(DownloadSourcesJob.java:169)
	at org.eclipse.m2e.jdt.internal.DownloadSourcesJob$1.call(DownloadSourcesJob.java:137)
	at org.eclipse.m2e.jdt.internal.DownloadSourcesJob$1.call(DownloadSourcesJob.java:1)
	at org.eclipse.m2e.core.internal.embedder.MavenExecutionContext.executeBare(MavenExecutionContext.java:177)
	at org.eclipse.m2e.core.internal.embedder.MavenExecutionContext.execute(MavenExecutionContext.java:151)
	at org.eclipse.m2e.core.internal.embedder.MavenExecutionContext.execute(MavenExecutionContext.java:99)
	at org.eclipse.m2e.core.internal.embedder.MavenImpl.execute(MavenImpl.java:1336)
	at org.eclipse.m2e.jdt.internal.DownloadSourcesJob.run(DownloadSourcesJob.java:135)
	at org.eclipse.core.internal.jobs.Worker.run(Worker.java:63)
2025-02-12 17:03:36,163 [Worker-18: Download sources and javadoc] WARN  o.e.m.j.internal.DownloadSourcesJob - IPackageFragmentRoot is missing, skipping javadoc/source attachment for project P/projectORS
2025-02-12 17:03:36,197 [Worker-18: Download sources and javadoc] INFO  o.e.m.j.internal.DownloadSourcesJob - Downloaded sources for org.springframework.security:spring-security-config:5.1.3.RELEASE
2025-02-12 17:03:36,197 [Worker-18: Download sources and javadoc] WARN  o.e.m.j.internal.DownloadSourcesJob - IPackageFragmentRoot is missing, skipping javadoc/source attachment for project P/projectORS
2025-02-12 17:03:36,201 [Worker-18: Download sources and javadoc] INFO  o.e.m.j.internal.DownloadSourcesJob - Downloaded sources for org.springframework.security:spring-security-core:5.1.3.RELEASE
2025-02-12 17:03:36,208 [Worker-18: Download sources and javadoc] WARN  o.e.m.j.internal.DownloadSourcesJob - IPackageFragmentRoot is missing, skipping javadoc/source attachment for project P/projectORS
2025-02-12 17:03:36,223 [Worker-18: Download sources and javadoc] INFO  o.e.m.j.internal.DownloadSourcesJob - Downloaded sources for org.springframework.security:spring-security-web:5.1.3.RELEASE
2025-02-12 17:03:36,223 [Worker-18: Download sources and javadoc] WARN  o.e.m.j.internal.DownloadSourcesJob - IPackageFragmentRoot is missing, skipping javadoc/source attachment for project P/projectORS
2025-02-12 17:03:36,229 [Worker-18: Download sources and javadoc] INFO  o.e.m.j.internal.DownloadSourcesJob - Downloaded sources for io.jsonwebtoken:jjwt:0.9.1
2025-02-12 17:03:36,229 [Worker-18: Download sources and javadoc] WARN  o.e.m.j.internal.DownloadSourcesJob - IPackageFragmentRoot is missing, skipping javadoc/source attachment for project P/projectORS
2025-02-12 17:03:36,722 [Worker-15: Building workspace] INFO  o.e.m.c.i.embedder.EclipseLogger - Using 'UTF-8' encoding to copy filtered resources.
2025-02-12 17:03:36,726 [Worker-15: Building workspace] INFO  o.e.m.c.i.embedder.EclipseLogger - Copying 1 resource
2025-02-12 17:03:36,752 [Worker-15: Building workspace] INFO  o.e.m.c.i.embedder.EclipseLogger - Copying 1 resource
2025-02-12 17:03:36,769 [Worker-15: Building workspace] INFO  o.e.m.c.i.embedder.EclipseLogger - Using 'UTF-8' encoding to copy filtered resources.
2025-02-12 17:03:36,769 [Worker-15: Building workspace] INFO  o.e.m.c.i.embedder.EclipseLogger - skip non existing resourceDirectory D:\Rays Software\Workspace\Project_10\ORSProj10\Project_10\src\test\resources
2025-02-12 17:03:40,732 [Worker-12: Building workspace] INFO  o.e.m.c.i.embedder.EclipseLogger - Using 'UTF-8' encoding to copy filtered resources.
2025-02-12 17:03:40,736 [Worker-12: Building workspace] INFO  o.e.m.c.i.embedder.EclipseLogger - Copying 1 resource
2025-02-12 17:03:40,739 [Worker-12: Building workspace] INFO  o.e.m.c.i.embedder.EclipseLogger - Copying 1 resource
2025-02-12 17:03:40,744 [Worker-12: Building workspace] INFO  o.e.m.c.i.embedder.EclipseLogger - Using 'UTF-8' encoding to copy filtered resources.
2025-02-12 17:03:40,744 [Worker-12: Building workspace] INFO  o.e.m.c.i.embedder.EclipseLogger - skip non existing resourceDirectory D:\Rays Software\Workspace\Project_10\ORSProj10\Project_10\src\test\resources
2025-02-12 17:12:00,204 [Worker-20: Building workspace] INFO  o.e.m.c.i.embedder.EclipseLogger - Using 'UTF-8' encoding to copy filtered resources.
2025-02-12 17:12:00,205 [Worker-20: Building workspace] INFO  o.e.m.c.i.embedder.EclipseLogger - Copying 0 resource
2025-02-12 17:12:00,205 [Worker-20: Building workspace] INFO  o.e.m.c.i.embedder.EclipseLogger - Copying 0 resource
2025-02-12 17:12:00,206 [Worker-20: Building workspace] INFO  o.e.m.c.i.embedder.EclipseLogger - Using 'UTF-8' encoding to copy filtered resources.
2025-02-12 17:12:00,206 [Worker-20: Building workspace] INFO  o.e.m.c.i.embedder.EclipseLogger - skip non existing resourceDirectory D:\Rays Software\Workspace\Project_10\ORSProj10\Project_10\src\test\resources
2025-02-12 17:13:12,605 [Worker-20: Building workspace] INFO  o.e.m.c.i.embedder.EclipseLogger - Using 'UTF-8' encoding to copy filtered resources.
2025-02-12 17:13:12,606 [Worker-20: Building workspace] INFO  o.e.m.c.i.embedder.EclipseLogger - Copying 1 resource
2025-02-12 17:13:12,608 [Worker-20: Building workspace] INFO  o.e.m.c.i.embedder.EclipseLogger - Copying 1 resource
2025-02-12 17:13:12,611 [Worker-20: Building workspace] INFO  o.e.m.c.i.embedder.EclipseLogger - Using 'UTF-8' encoding to copy filtered resources.
2025-02-12 17:13:12,611 [Worker-20: Building workspace] INFO  o.e.m.c.i.embedder.EclipseLogger - skip non existing resourceDirectory D:\Rays Software\Workspace\Project_10\ORSProj10\Project_10\src\test\resources
2025-02-12 17:27:33,338 [Worker-30: Building workspace] INFO  o.e.m.c.i.embedder.EclipseLogger - Using 'UTF-8' encoding to copy filtered resources.
2025-02-12 17:27:33,342 [Worker-30: Building workspace] INFO  o.e.m.c.i.embedder.EclipseLogger - Copying 1 resource
2025-02-12 17:27:33,345 [Worker-30: Building workspace] INFO  o.e.m.c.i.embedder.EclipseLogger - Copying 0 resource
2025-02-12 17:27:33,350 [Worker-30: Building workspace] INFO  o.e.m.c.i.embedder.EclipseLogger - Using 'UTF-8' encoding to copy filtered resources.
2025-02-12 17:27:33,350 [Worker-30: Building workspace] INFO  o.e.m.c.i.embedder.EclipseLogger - skip non existing resourceDirectory D:\Rays Software\Workspace\Project_10\ORSProj10\Project_10\src\test\resources
2025-02-20 17:56:32,077 [Worker-3: Loading available Gradle versions] INFO  o.e.b.c.i.u.g.PublishedGradleVersions - Gradle version information cache is out-of-date. Trying to update.
2025-02-20 18:13:04,955 [Worker-6: Building workspace] INFO  o.e.m.c.i.embedder.EclipseLogger - Using 'UTF-8' encoding to copy filtered resources.
2025-02-20 18:13:05,112 [Worker-6: Building workspace] INFO  o.e.m.c.i.embedder.EclipseLogger - Copying 1 resource
2025-02-20 18:13:05,128 [Worker-6: Building workspace] INFO  o.e.m.c.i.embedder.EclipseLogger - Copying 1 resource
2025-02-20 18:13:05,128 [Worker-6: Building workspace] INFO  o.e.m.c.i.embedder.EclipseLogger - Using 'UTF-8' encoding to copy filtered resources.
2025-02-20 18:13:05,128 [Worker-6: Building workspace] INFO  o.e.m.c.i.embedder.EclipseLogger - skip non existing resourceDirectory D:\Rays Software\Workspace\Project_10\ORSProj10\Project_10\src\test\resources
2025-02-20 18:15:25,748 [Worker-25: Building workspace] INFO  o.e.m.c.i.embedder.EclipseLogger - Using 'UTF-8' encoding to copy filtered resources.
2025-02-20 18:15:25,748 [Worker-25: Building workspace] INFO  o.e.m.c.i.embedder.EclipseLogger - Copying 1 resource
2025-02-20 18:15:25,748 [Worker-25: Building workspace] INFO  o.e.m.c.i.embedder.EclipseLogger - Copying 1 resource
2025-02-20 18:15:25,748 [Worker-25: Building workspace] INFO  o.e.m.c.i.embedder.EclipseLogger - Using 'UTF-8' encoding to copy filtered resources.
2025-02-20 18:15:25,748 [Worker-25: Building workspace] INFO  o.e.m.c.i.embedder.EclipseLogger - skip non existing resourceDirectory D:\Rays Software\Workspace\Project_10\ORSProj10\Project_10\src\test\resources
2025-02-20 18:17:17,406 [Worker-25: Building workspace] INFO  o.e.m.c.i.embedder.EclipseLogger - Using 'UTF-8' encoding to copy filtered resources.
2025-02-20 18:17:17,406 [Worker-25: Building workspace] INFO  o.e.m.c.i.embedder.EclipseLogger - Copying 1 resource
2025-02-20 18:17:17,406 [Worker-25: Building workspace] INFO  o.e.m.c.i.embedder.EclipseLogger - Copying 1 resource
2025-02-20 18:17:17,406 [Worker-25: Building workspace] INFO  o.e.m.c.i.embedder.EclipseLogger - Using 'UTF-8' encoding to copy filtered resources.
2025-02-20 18:17:17,406 [Worker-25: Building workspace] INFO  o.e.m.c.i.embedder.EclipseLogger - skip non existing resourceDirectory D:\Rays Software\Workspace\Project_10\ORSProj10\Project_10\src\test\resources
2025-02-24 16:12:05,592 [Worker-2: Loading available Gradle versions] INFO  o.e.b.c.i.u.g.PublishedGradleVersions - Gradle version information cache is out-of-date. Trying to update.
2025-02-24 16:12:26,776 [Worker-0: Building workspace] INFO  o.e.m.c.i.embedder.EclipseLogger - Using 'UTF-8' encoding to copy filtered resources.
2025-02-24 16:12:26,786 [Worker-0: Building workspace] INFO  o.e.m.c.i.embedder.EclipseLogger - Copying 1 resource
2025-02-24 16:12:26,824 [Worker-0: Building workspace] INFO  o.e.m.c.i.embedder.EclipseLogger - Copying 1 resource
2025-02-24 16:12:26,829 [Worker-0: Building workspace] INFO  o.e.m.c.i.embedder.EclipseLogger - Using 'UTF-8' encoding to copy filtered resources.
2025-02-24 16:12:26,830 [Worker-0: Building workspace] INFO  o.e.m.c.i.embedder.EclipseLogger - skip non existing resourceDirectory D:\Rays Software\Workspace\Project_10\ORSProj10\Project_10\src\test\resources
2025-03-10 19:12:07,365 [Worker-6: Loading available Gradle versions] INFO  o.e.b.c.i.u.g.PublishedGradleVersions - Gradle version information cache is out-of-date. Trying to update.
2025-03-12 15:38:23,518 [Worker-1: Loading available Gradle versions] INFO  o.e.b.c.i.u.g.PublishedGradleVersions - Gradle version information cache is up-to-date. Trying to read.
2025-03-12 15:40:33,420 [Worker-3: Building workspace] INFO  o.e.m.c.i.embedder.EclipseLogger - Using 'UTF-8' encoding to copy filtered resources.
2025-03-12 15:40:33,428 [Worker-3: Building workspace] INFO  o.e.m.c.i.embedder.EclipseLogger - Copying 1 resource
2025-03-12 15:40:33,453 [Worker-3: Building workspace] INFO  o.e.m.c.i.embedder.EclipseLogger - Copying 1 resource
2025-03-12 15:40:33,456 [Worker-3: Building workspace] INFO  o.e.m.c.i.embedder.EclipseLogger - Using 'UTF-8' encoding to copy filtered resources.
2025-03-12 15:40:33,456 [Worker-3: Building workspace] INFO  o.e.m.c.i.embedder.EclipseLogger - skip non existing resourceDirectory D:\Rays Software\Workspace\Project_10\ORSProj10\Project_10\src\test\resources
2025-03-12 16:12:14,619 [Worker-32: Building workspace] INFO  o.e.m.c.i.embedder.EclipseLogger - Using 'UTF-8' encoding to copy filtered resources.
2025-03-12 16:12:14,634 [Worker-32: Building workspace] INFO  o.e.m.c.i.embedder.EclipseLogger - Copying 1 resource
2025-03-12 16:12:14,649 [Worker-32: Building workspace] INFO  o.e.m.c.i.embedder.EclipseLogger - Copying 1 resource
2025-03-12 16:12:14,653 [Worker-32: Building workspace] INFO  o.e.m.c.i.embedder.EclipseLogger - Using 'UTF-8' encoding to copy filtered resources.
2025-03-12 16:12:14,653 [Worker-32: Building workspace] INFO  o.e.m.c.i.embedder.EclipseLogger - skip non existing resourceDirectory D:\Rays Software\Workspace\Project_10\ORSProj10\Project_10\src\test\resources
2025-03-12 16:12:22,215 [Worker-30: Building workspace] INFO  o.e.m.c.i.embedder.EclipseLogger - Using 'UTF-8' encoding to copy filtered resources.
2025-03-12 16:12:22,215 [Worker-30: Building workspace] INFO  o.e.m.c.i.embedder.EclipseLogger - Copying 1 resource
2025-03-12 16:12:22,218 [Worker-30: Building workspace] INFO  o.e.m.c.i.embedder.EclipseLogger - Copying 1 resource
2025-03-12 16:12:22,218 [Worker-30: Building workspace] INFO  o.e.m.c.i.embedder.EclipseLogger - Using 'UTF-8' encoding to copy filtered resources.
2025-03-12 16:12:22,218 [Worker-30: Building workspace] INFO  o.e.m.c.i.embedder.EclipseLogger - skip non existing resourceDirectory D:\Rays Software\Workspace\Project_10\ORSProj10\Project_10\src\test\resources
2025-03-13 14:48:43,272 [Worker-1: Loading available Gradle versions] INFO  o.e.b.c.i.u.g.PublishedGradleVersions - Gradle version information cache is out-of-date. Trying to update.
2025-03-13 14:56:23,223 [Worker-7: Building workspace] INFO  o.e.m.c.i.embedder.EclipseLogger - Using 'UTF-8' encoding to copy filtered resources.
2025-03-13 14:56:23,229 [Worker-7: Building workspace] INFO  o.e.m.c.i.embedder.EclipseLogger - Copying 1 resource
2025-03-13 14:56:23,241 [Worker-7: Building workspace] INFO  o.e.m.c.i.embedder.EclipseLogger - Copying 1 resource
2025-03-13 14:56:23,245 [Worker-7: Building workspace] INFO  o.e.m.c.i.embedder.EclipseLogger - Using 'UTF-8' encoding to copy filtered resources.
2025-03-13 14:56:23,245 [Worker-7: Building workspace] INFO  o.e.m.c.i.embedder.EclipseLogger - skip non existing resourceDirectory D:\Rays Software\Workspace\Project_10\ORSProj10\Project_10\src\test\resources
2025-03-13 14:56:46,116 [Worker-25: Building workspace] INFO  o.e.m.c.i.l.LifecycleMappingFactory - Using org.eclipse.m2e.jdt.JarLifecycleMapping lifecycle mapping for MavenProject: com.sunilos:springboottest:0.0.1-SNAPSHOT @ D:\Rays Software\Workspace\Project_10\ORSProj10\Project_10\pom.xml.
2025-03-13 14:56:46,823 [Worker-25: Building workspace] INFO  o.e.m.c.i.embedder.EclipseLogger - Using 'UTF-8' encoding to copy filtered resources.
2025-03-13 14:56:46,828 [Worker-25: Building workspace] INFO  o.e.m.c.i.embedder.EclipseLogger - Copying 1 resource
2025-03-13 14:56:46,843 [Worker-25: Building workspace] INFO  o.e.m.c.i.embedder.EclipseLogger - Copying 1 resource
2025-03-13 14:56:46,846 [Worker-25: Building workspace] INFO  o.e.m.c.i.embedder.EclipseLogger - Using 'UTF-8' encoding to copy filtered resources.
2025-03-13 14:56:46,846 [Worker-25: Building workspace] INFO  o.e.m.c.i.embedder.EclipseLogger - skip non existing resourceDirectory D:\Rays Software\Workspace\Project_10\ORSProj10\Project_10\src\test\resources
2025-03-13 15:04:09,038 [Worker-28: Building workspace] INFO  o.e.m.c.i.embedder.EclipseLogger - Using 'UTF-8' encoding to copy filtered resources.
2025-03-13 15:04:09,038 [Worker-28: Building workspace] INFO  o.e.m.c.i.embedder.EclipseLogger - Copying 0 resource
2025-03-13 15:04:09,038 [Worker-28: Building workspace] INFO  o.e.m.c.i.embedder.EclipseLogger - Copying 0 resource
2025-03-13 15:04:09,038 [Worker-28: Building workspace] INFO  o.e.m.c.i.embedder.EclipseLogger - Using 'UTF-8' encoding to copy filtered resources.
2025-03-13 15:04:09,038 [Worker-28: Building workspace] INFO  o.e.m.c.i.embedder.EclipseLogger - skip non existing resourceDirectory D:\Rays Software\Workspace\Project_10\ORSProj10\Project_10\src\test\resources
2025-03-13 22:09:15,944 [Worker-4: Loading available Gradle versions] INFO  o.e.b.c.i.u.g.PublishedGradleVersions - Gradle version information cache is up-to-date. Trying to read.
2025-03-13 22:44:27,509 [Worker-17: Launching ProjectOrsApplication] INFO  o.e.m.c.i.embedder.EclipseLogger - Using 'UTF-8' encoding to copy filtered resources.
2025-03-13 22:44:27,520 [Worker-17: Launching ProjectOrsApplication] INFO  o.e.m.c.i.embedder.EclipseLogger - Copying 1 resource
2025-03-13 22:44:27,570 [Worker-17: Launching ProjectOrsApplication] INFO  o.e.m.c.i.embedder.EclipseLogger - Copying 1 resource
2025-03-13 22:44:27,573 [Worker-17: Launching ProjectOrsApplication] INFO  o.e.m.c.i.embedder.EclipseLogger - Using 'UTF-8' encoding to copy filtered resources.
2025-03-13 22:44:27,573 [Worker-17: Launching ProjectOrsApplication] INFO  o.e.m.c.i.embedder.EclipseLogger - skip non existing resourceDirectory D:\Rays Software\Workspace\Project_10\ORSProj10\Project_10\src\test\resources
2025-03-13 23:56:21,208 [Worker-49: Building workspace] INFO  o.e.m.c.i.embedder.EclipseLogger - Using 'UTF-8' encoding to copy filtered resources.
2025-03-13 23:56:21,224 [Worker-49: Building workspace] INFO  o.e.m.c.i.embedder.EclipseLogger - Copying 1 resource
2025-03-13 23:56:21,224 [Worker-49: Building workspace] INFO  o.e.m.c.i.embedder.EclipseLogger - Copying 1 resource
2025-03-13 23:56:21,239 [Worker-49: Building workspace] INFO  o.e.m.c.i.embedder.EclipseLogger - Using 'UTF-8' encoding to copy filtered resources.
2025-03-13 23:56:21,239 [Worker-49: Building workspace] INFO  o.e.m.c.i.embedder.EclipseLogger - skip non existing resourceDirectory D:\Rays Software\Workspace\Project_10\ORSProj10\Project_10\src\test\resources
2025-03-13 23:56:54,901 [Worker-49: Building workspace] INFO  o.e.m.c.i.embedder.EclipseLogger - Using 'UTF-8' encoding to copy filtered resources.
2025-03-13 23:56:54,901 [Worker-49: Building workspace] INFO  o.e.m.c.i.embedder.EclipseLogger - Copying 1 resource
2025-03-13 23:56:54,901 [Worker-49: Building workspace] INFO  o.e.m.c.i.embedder.EclipseLogger - Copying 1 resource
2025-03-13 23:56:54,901 [Worker-49: Building workspace] INFO  o.e.m.c.i.embedder.EclipseLogger - Using 'UTF-8' encoding to copy filtered resources.
2025-03-13 23:56:54,916 [Worker-49: Building workspace] INFO  o.e.m.c.i.embedder.EclipseLogger - skip non existing resourceDirectory D:\Rays Software\Workspace\Project_10\ORSProj10\Project_10\src\test\resources
2025-03-14 00:32:06,278 [Worker-61: Building workspace] INFO  o.e.m.c.i.embedder.EclipseLogger - Using 'UTF-8' encoding to copy filtered resources.
2025-03-14 00:32:06,278 [Worker-61: Building workspace] INFO  o.e.m.c.i.embedder.EclipseLogger - Copying 1 resource
2025-03-14 00:32:06,278 [Worker-61: Building workspace] INFO  o.e.m.c.i.embedder.EclipseLogger - Copying 1 resource
2025-03-14 00:32:06,278 [Worker-61: Building workspace] INFO  o.e.m.c.i.embedder.EclipseLogger - Using 'UTF-8' encoding to copy filtered resources.
2025-03-14 00:32:06,278 [Worker-61: Building workspace] INFO  o.e.m.c.i.embedder.EclipseLogger - skip non existing resourceDirectory D:\Rays Software\Workspace\Project_10\ORSProj10\Project_10\src\test\resources
2025-03-14 00:49:47,400 [Worker-67: Building workspace] INFO  o.e.m.c.i.embedder.EclipseLogger - Using 'UTF-8' encoding to copy filtered resources.
2025-03-14 00:49:47,400 [Worker-67: Building workspace] INFO  o.e.m.c.i.embedder.EclipseLogger - Copying 1 resource
2025-03-14 00:49:47,410 [Worker-67: Building workspace] INFO  o.e.m.c.i.embedder.EclipseLogger - Copying 1 resource
2025-03-14 00:49:47,410 [Worker-67: Building workspace] INFO  o.e.m.c.i.embedder.EclipseLogger - Using 'UTF-8' encoding to copy filtered resources.
2025-03-14 00:49:47,410 [Worker-67: Building workspace] INFO  o.e.m.c.i.embedder.EclipseLogger - skip non existing resourceDirectory D:\Rays Software\Workspace\Project_10\ORSProj10\Project_10\src\test\resources
2025-03-14 01:01:39,044 [Worker-71: Building workspace] INFO  o.e.m.c.i.embedder.EclipseLogger - Using 'UTF-8' encoding to copy filtered resources.
2025-03-14 01:01:39,050 [Worker-71: Building workspace] INFO  o.e.m.c.i.embedder.EclipseLogger - Copying 1 resource
2025-03-14 01:01:39,050 [Worker-71: Building workspace] INFO  o.e.m.c.i.embedder.EclipseLogger - Copying 1 resource
2025-03-14 01:01:39,050 [Worker-71: Building workspace] INFO  o.e.m.c.i.embedder.EclipseLogger - Using 'UTF-8' encoding to copy filtered resources.
2025-03-14 01:01:39,050 [Worker-71: Building workspace] INFO  o.e.m.c.i.embedder.EclipseLogger - skip non existing resourceDirectory D:\Rays Software\Workspace\Project_10\ORSProj10\Project_10\src\test\resources
2025-03-17 13:48:31,253 [Worker-6: Loading available Gradle versions] INFO  o.e.b.c.i.u.g.PublishedGradleVersions - Gradle version information cache is up-to-date. Trying to read.
2025-03-17 15:50:47,116 [Worker-41: Building workspace] INFO  o.e.m.c.i.l.LifecycleMappingFactory - Using org.eclipse.m2e.jdt.JarLifecycleMapping lifecycle mapping for MavenProject: com.sunilos:springboottest:0.0.1-SNAPSHOT @ D:\Rays Software\Workspace\Project_10\ORSProj10\Project_10\pom.xml.
2025-03-17 15:50:49,461 [Worker-41: Building workspace] INFO  o.e.m.c.i.embedder.EclipseLogger - Using 'UTF-8' encoding to copy filtered resources.
2025-03-17 15:50:49,461 [Worker-41: Building workspace] INFO  o.e.m.c.i.embedder.EclipseLogger - Copying 1 resource
2025-03-17 15:50:49,477 [Worker-41: Building workspace] INFO  o.e.m.c.i.embedder.EclipseLogger - Copying 1 resource
2025-03-17 15:50:49,492 [Worker-41: Building workspace] INFO  o.e.m.c.i.embedder.EclipseLogger - Using 'UTF-8' encoding to copy filtered resources.
2025-03-17 15:50:49,492 [Worker-41: Building workspace] INFO  o.e.m.c.i.embedder.EclipseLogger - skip non existing resourceDirectory D:\Rays Software\Workspace\Project_10\ORSProj10\Project_10\src\test\resources
2025-03-26 17:49:15,315 [Worker-5: Loading available Gradle versions] INFO  o.e.b.c.i.u.g.PublishedGradleVersions - Gradle version information cache is out-of-date. Trying to update.
2025-03-26 17:49:30,857 [Worker-2: Building workspace] INFO  o.e.m.c.i.embedder.EclipseLogger - Using 'UTF-8' encoding to copy filtered resources.
2025-03-26 17:49:30,879 [Worker-2: Building workspace] INFO  o.e.m.c.i.embedder.EclipseLogger - Copying 1 resource
2025-03-26 17:49:30,919 [Worker-2: Building workspace] INFO  o.e.m.c.i.embedder.EclipseLogger - Copying 1 resource
2025-03-26 17:49:30,926 [Worker-2: Building workspace] INFO  o.e.m.c.i.embedder.EclipseLogger - Using 'UTF-8' encoding to copy filtered resources.
2025-03-26 17:49:30,927 [Worker-2: Building workspace] INFO  o.e.m.c.i.embedder.EclipseLogger - skip non existing resourceDirectory D:\Rays Software\Workspace\Project_10\ORSProj10\Project_10\src\test\resources
2025-03-26 17:51:08,626 [Worker-11: Building workspace] INFO  o.e.m.c.i.embedder.EclipseLogger - Using 'UTF-8' encoding to copy filtered resources.
2025-03-26 17:51:08,632 [Worker-11: Building workspace] INFO  o.e.m.c.i.embedder.EclipseLogger - Copying 1 resource
2025-03-26 17:51:08,635 [Worker-11: Building workspace] INFO  o.e.m.c.i.embedder.EclipseLogger - Copying 1 resource
2025-03-26 17:51:08,639 [Worker-11: Building workspace] INFO  o.e.m.c.i.embedder.EclipseLogger - Using 'UTF-8' encoding to copy filtered resources.
2025-03-26 17:51:08,640 [Worker-11: Building workspace] INFO  o.e.m.c.i.embedder.EclipseLogger - skip non existing resourceDirectory D:\Rays Software\Workspace\Project_10\ORSProj10\Project_10\src\test\resources
2025-03-26 17:52:44,881 [Worker-1: Launching ProjectOrsApplication] INFO  o.e.m.c.i.embedder.EclipseLogger - Using 'UTF-8' encoding to copy filtered resources.
2025-03-26 17:52:44,881 [Worker-1: Launching ProjectOrsApplication] INFO  o.e.m.c.i.embedder.EclipseLogger - Copying 1 resource
2025-03-26 17:52:44,883 [Worker-1: Launching ProjectOrsApplication] INFO  o.e.m.c.i.embedder.EclipseLogger - Copying 1 resource
2025-03-26 17:52:44,884 [Worker-1: Launching ProjectOrsApplication] INFO  o.e.m.c.i.embedder.EclipseLogger - Using 'UTF-8' encoding to copy filtered resources.
2025-03-26 17:52:44,885 [Worker-1: Launching ProjectOrsApplication] INFO  o.e.m.c.i.embedder.EclipseLogger - skip non existing resourceDirectory D:\Rays Software\Workspace\Project_10\ORSProj10\Project_10\src\test\resources
2025-03-28 17:25:14,691 [main] INFO  o.e.m2e.actions.ExecutePomAction - Creating new launch configuration
2025-03-28 17:25:34,322 [Worker-57: Launching Project_10] INFO  o.e.m.i.launch.MavenLaunchDelegate - D:\Rays Software\Workspace\Project_10\ORSProj10\Project_10
2025-03-28 17:25:34,324 [Worker-57: Launching Project_10] INFO  o.e.m.i.launch.MavenLaunchDelegate -  mvn -B -Dmaven.test.skip=true -DskipTests clean install
2025-03-28 17:26:54,531 [main] INFO  o.e.m2e.actions.ExecutePomAction - Creating new launch configuration
2025-03-28 17:27:11,447 [Worker-59: Launching Project_10 (1)] INFO  o.e.m.i.launch.MavenLaunchDelegate - D:\Rays Software\Workspace\Project_10\ORSProj10\Project_10
2025-03-28 17:27:11,448 [Worker-59: Launching Project_10 (1)] INFO  o.e.m.i.launch.MavenLaunchDelegate -  mvn -B -Dmaven.test.skip=true -DskipTests clean package
2025-03-28 17:28:15,945 [Worker-59: Building workspace] INFO  o.e.m.c.i.embedder.EclipseLogger - Using 'UTF-8' encoding to copy filtered resources.
2025-03-28 17:28:15,947 [Worker-59: Building workspace] INFO  o.e.m.c.i.embedder.EclipseLogger - Copying 1 resource
2025-03-28 17:28:15,950 [Worker-59: Building workspace] INFO  o.e.m.c.i.embedder.EclipseLogger - Copying 1 resource
2025-03-28 17:28:15,962 [Worker-59: Building workspace] INFO  o.e.m.c.i.embedder.EclipseLogger - Using 'UTF-8' encoding to copy filtered resources.
2025-03-28 17:28:15,962 [Worker-59: Building workspace] INFO  o.e.m.c.i.embedder.EclipseLogger - skip non existing resourceDirectory D:\Rays Software\Workspace\Project_10\ORSProj10\Project_10\src\test\resources
2025-03-29 01:43:31,295 [Worker-2: Loading available Gradle versions] INFO  o.e.b.c.i.u.g.PublishedGradleVersions - Gradle version information cache is out-of-date. Trying to update.
2025-03-29 01:43:31,548 [Worker-2: Loading available Gradle versions] INFO  o.e.b.c.i.u.g.PublishedGradleVersions - Updating Gradle version information cache failed. Using outdated cache.
2025-03-29 17:45:02,078 [main] ERROR o.e.m.j.u.i.DownloadSourcesActionDelegate - Could not schedule source download
org.eclipse.jdt.core.JavaModelException: bin/src/main/java/com/rays/ctl [in Project_10] is not on its project's build path
	at org.eclipse.jdt.internal.core.JavaElement.newJavaModelException(JavaElement.java:583)
	at org.eclipse.jdt.internal.core.Openable.generateInfos(Openable.java:256)
	at org.eclipse.jdt.internal.core.JavaElement.openWhenClosed(JavaElement.java:596)
	at org.eclipse.jdt.internal.core.JavaElement.getElementInfo(JavaElement.java:326)
	at org.eclipse.jdt.internal.core.JavaElement.getElementInfo(JavaElement.java:312)
	at org.eclipse.jdt.internal.core.PackageFragmentRoot.getKind(PackageFragmentRoot.java:516)
	at org.eclipse.jdt.internal.core.PackageFragmentRoot.getSourceAttachmentPath(PackageFragmentRoot.java:641)
	at org.eclipse.m2e.jdt.ui.internal.DownloadSourcesActionDelegate.setActiveEditor(DownloadSourcesActionDelegate.java:51)
	at org.eclipse.ui.internal.EditorPluginAction.editorChanged(EditorPluginAction.java:72)
	at org.eclipse.ui.internal.EditorActionBuilder$EditorContribution.editorChanged(EditorActionBuilder.java:83)
	at org.eclipse.ui.internal.EditorActionBuilder$ExternalContributor.setActiveEditor(EditorActionBuilder.java:132)
	at org.eclipse.ui.internal.EditorActionBars.partChanged(EditorActionBars.java:346)
	at org.eclipse.ui.internal.WorkbenchPage.updateActivations(WorkbenchPage.java:325)
	at org.eclipse.ui.internal.WorkbenchPage.access$2(WorkbenchPage.java:306)
	at org.eclipse.ui.internal.WorkbenchPage$E4PartListener.partActivated(WorkbenchPage.java:213)
	at org.eclipse.e4.ui.internal.workbench.PartServiceImpl$3.run(PartServiceImpl.java:253)
	at org.eclipse.core.runtime.SafeRunner.run(SafeRunner.java:45)
	at org.eclipse.e4.ui.internal.workbench.PartServiceImpl.firePartActivated(PartServiceImpl.java:250)
	at org.eclipse.e4.ui.internal.workbench.PartServiceImpl.activate(PartServiceImpl.java:775)
	at org.eclipse.e4.ui.internal.workbench.PartServiceImpl.activate(PartServiceImpl.java:684)
	at org.eclipse.e4.ui.internal.workbench.swt.AbstractPartRenderer.activate(AbstractPartRenderer.java:97)
	at org.eclipse.e4.ui.workbench.renderers.swt.ContributedPartRenderer.lambda$0(ContributedPartRenderer.java:63)
	at org.eclipse.swt.widgets.EventTable.sendEvent(EventTable.java:89)
	at org.eclipse.swt.widgets.Display.sendEvent(Display.java:4131)
	at org.eclipse.swt.widgets.Widget.sendEvent(Widget.java:1055)
	at org.eclipse.swt.widgets.Widget.sendEvent(Widget.java:1079)
	at org.eclipse.swt.widgets.Widget.sendEvent(Widget.java:1064)
	at org.eclipse.swt.widgets.Shell.setActiveControl(Shell.java:1524)
	at org.eclipse.swt.widgets.Shell.setActiveControl(Shell.java:1487)
	at org.eclipse.swt.widgets.Control.sendFocusEvent(Control.java:2971)
	at org.eclipse.swt.widgets.Widget.wmSetFocus(Widget.java:2234)
	at org.eclipse.swt.widgets.Control.WM_SETFOCUS(Control.java:5434)
	at org.eclipse.swt.widgets.Canvas.WM_SETFOCUS(Canvas.java:445)
	at org.eclipse.swt.widgets.Control.windowProc(Control.java:4838)
	at org.eclipse.swt.widgets.Canvas.windowProc(Canvas.java:348)
	at org.eclipse.swt.widgets.Display.windowProc(Display.java:4770)
	at org.eclipse.swt.internal.win32.OS.SetFocus(Native Method)
	at org.eclipse.swt.widgets.Control.forceFocus(Control.java:1115)
	at org.eclipse.swt.widgets.Control.setFocus(Control.java:3456)
	at org.eclipse.swt.widgets.Composite.setFocus(Composite.java:1101)
	at org.eclipse.ui.texteditor.AbstractTextEditor.setFocus(AbstractTextEditor.java:6192)
	at org.eclipse.ui.texteditor.StatusTextEditor.setFocus(StatusTextEditor.java:147)
	at org.eclipse.jdt.internal.ui.javaeditor.JavaEditor.setFocus(JavaEditor.java:2372)
	at org.eclipse.jdt.internal.ui.javaeditor.ClassFileEditor.setFocus(ClassFileEditor.java:981)
	at org.eclipse.ui.internal.e4.compatibility.CompatibilityPart.delegateSetFocus(CompatibilityPart.java:225)
	at jdk.internal.reflect.GeneratedMethodAccessor67.invoke(Unknown Source)
	at java.base/jdk.internal.reflect.DelegatingMethodAccessorImpl.invoke(DelegatingMethodAccessorImpl.java:43)
	at java.base/java.lang.reflect.Method.invoke(Method.java:566)
	at org.eclipse.e4.core.internal.di.MethodRequestor.execute(MethodRequestor.java:58)
	at org.eclipse.e4.core.internal.di.InjectorImpl.invokeUsingClass(InjectorImpl.java:320)
	at org.eclipse.e4.core.internal.di.InjectorImpl.invokeUsingClass(InjectorImpl.java:326)
	at org.eclipse.e4.core.internal.di.InjectorImpl.invoke(InjectorImpl.java:248)
	at org.eclipse.e4.core.contexts.ContextInjectionFactory.invoke(ContextInjectionFactory.java:147)
	at org.eclipse.e4.ui.internal.workbench.swt.PartRenderingEngine.focusGui(PartRenderingEngine.java:808)
	at org.eclipse.e4.ui.workbench.renderers.swt.ContributedPartRenderer$1.setFocus(ContributedPartRenderer.java:106)
	at org.eclipse.swt.custom.CTabItem.setFocus(CTabItem.java:343)
	at org.eclipse.swt.custom.CTabFolder.setFocus(CTabFolder.java:2637)
	at org.eclipse.swt.widgets.Control.fixFocus(Control.java:1070)
	at org.eclipse.swt.widgets.Control.setVisible(Control.java:3971)
	at org.eclipse.swt.custom.CTabFolder.setSelection(CTabFolder.java:3181)
	at org.eclipse.swt.custom.CTabFolder.setSelection(CTabFolder.java:3138)
	at org.eclipse.e4.ui.workbench.renderers.swt.StackRenderer.showTab(StackRenderer.java:1307)
	at org.eclipse.e4.ui.workbench.renderers.swt.LazyStackRenderer.lambda$0(LazyStackRenderer.java:75)
	at org.eclipse.e4.ui.services.internal.events.UIEventHandler.lambda$0(UIEventHandler.java:38)
	at org.eclipse.swt.widgets.Synchronizer.syncExec(Synchronizer.java:236)
	at org.eclipse.ui.internal.UISynchronizer.syncExec(UISynchronizer.java:147)
	at org.eclipse.swt.widgets.Display.syncExec(Display.java:4580)
	at org.eclipse.e4.ui.internal.workbench.swt.E4Application$1.syncExec(E4Application.java:219)
	at org.eclipse.e4.ui.services.internal.events.UIEventHandler.handleEvent(UIEventHandler.java:38)
	at org.eclipse.equinox.internal.event.EventHandlerWrapper.handleEvent(EventHandlerWrapper.java:205)
	at org.eclipse.equinox.internal.event.EventHandlerTracker.dispatchEvent(EventHandlerTracker.java:203)
	at org.eclipse.equinox.internal.event.EventHandlerTracker.dispatchEvent(EventHandlerTracker.java:1)
	at org.eclipse.osgi.framework.eventmgr.EventManager.dispatchEvent(EventManager.java:233)
	at org.eclipse.osgi.framework.eventmgr.ListenerQueue.dispatchEventSynchronous(ListenerQueue.java:151)
	at org.eclipse.equinox.internal.event.EventAdminImpl.dispatchEvent(EventAdminImpl.java:132)
	at org.eclipse.equinox.internal.event.EventAdminImpl.sendEvent(EventAdminImpl.java:75)
	at org.eclipse.equinox.internal.event.EventComponent.sendEvent(EventComponent.java:44)
	at org.eclipse.e4.ui.services.internal.events.EventBroker.send(EventBroker.java:55)
	at org.eclipse.e4.ui.internal.workbench.UIEventPublisher.notifyChanged(UIEventPublisher.java:63)
	at org.eclipse.emf.common.notify.impl.BasicNotifierImpl.eNotify(BasicNotifierImpl.java:424)
	at org.eclipse.e4.ui.model.application.ui.impl.ElementContainerImpl.setSelectedElement(ElementContainerImpl.java:177)
	at org.eclipse.e4.ui.internal.workbench.ModelServiceImpl.showElementInWindow(ModelServiceImpl.java:652)
	at org.eclipse.e4.ui.internal.workbench.ModelServiceImpl.bringToTop(ModelServiceImpl.java:616)
	at org.eclipse.e4.ui.internal.workbench.PartServiceImpl.delegateBringToTop(PartServiceImpl.java:791)
	at org.eclipse.e4.ui.internal.workbench.PartServiceImpl.showPart(PartServiceImpl.java:1237)
	at org.eclipse.ui.internal.WorkbenchPage.busyOpenEditor(WorkbenchPage.java:3317)
	at org.eclipse.ui.internal.WorkbenchPage.lambda$9(WorkbenchPage.java:3216)
	at org.eclipse.swt.custom.BusyIndicator.showWhile(BusyIndicator.java:72)
	at org.eclipse.ui.internal.WorkbenchPage.openEditor(WorkbenchPage.java:3213)
	at org.eclipse.ui.internal.WorkbenchPage.openEditor(WorkbenchPage.java:3177)
	at org.eclipse.ui.internal.WorkbenchPage.openEditor(WorkbenchPage.java:3167)
	at org.eclipse.ui.ide.IDE.openEditor(IDE.java:570)
	at org.eclipse.ui.ide.IDE.openEditor(IDE.java:525)
	at org.eclipse.ui.internal.ide.handlers.OpenResourceHandler.execute(OpenResourceHandler.java:130)
	at org.eclipse.ui.internal.ide.handlers.OpenResourceHandler.run(OpenResourceHandler.java:185)
	at org.eclipse.ui.internal.handlers.ActionDelegateHandlerProxy.execute(ActionDelegateHandlerProxy.java:305)
	at org.eclipse.ui.internal.handlers.E4HandlerProxy.execute(E4HandlerProxy.java:96)
	at jdk.internal.reflect.GeneratedMethodAccessor96.invoke(Unknown Source)
	at java.base/jdk.internal.reflect.DelegatingMethodAccessorImpl.invoke(DelegatingMethodAccessorImpl.java:43)
	at java.base/java.lang.reflect.Method.invoke(Method.java:566)
	at org.eclipse.e4.core.internal.di.MethodRequestor.execute(MethodRequestor.java:58)
	at org.eclipse.e4.core.internal.di.InjectorImpl.invokeUsingClass(InjectorImpl.java:320)
	at org.eclipse.e4.core.internal.di.InjectorImpl.invoke(InjectorImpl.java:254)
	at org.eclipse.e4.core.contexts.ContextInjectionFactory.invoke(ContextInjectionFactory.java:173)
	at org.eclipse.e4.core.commands.internal.HandlerServiceHandler.execute(HandlerServiceHandler.java:156)
	at org.eclipse.core.commands.Command.executeWithChecks(Command.java:497)
	at org.eclipse.core.commands.ParameterizedCommand.executeWithChecks(ParameterizedCommand.java:490)
	at org.eclipse.e4.core.commands.internal.HandlerServiceImpl.executeHandler(HandlerServiceImpl.java:213)
	at org.eclipse.e4.ui.bindings.keys.KeyBindingDispatcher.executeCommand(KeyBindingDispatcher.java:308)
	at org.eclipse.e4.ui.bindings.keys.KeyBindingDispatcher.press(KeyBindingDispatcher.java:584)
	at org.eclipse.e4.ui.bindings.keys.KeyBindingDispatcher.processKeyEvent(KeyBindingDispatcher.java:653)
	at org.eclipse.e4.ui.bindings.keys.KeyBindingDispatcher.filterKeySequenceBindings(KeyBindingDispatcher.java:443)
	at org.eclipse.e4.ui.bindings.keys.KeyBindingDispatcher.access$2(KeyBindingDispatcher.java:386)
	at org.eclipse.e4.ui.bindings.keys.KeyBindingDispatcher$KeyDownFilter.handleEvent(KeyBindingDispatcher.java:96)
	at org.eclipse.swt.widgets.EventTable.sendEvent(EventTable.java:89)
	at org.eclipse.swt.widgets.Display.filterEvent(Display.java:1194)
	at org.eclipse.swt.widgets.Widget.sendEvent(Widget.java:1054)
	at org.eclipse.swt.widgets.Widget.sendEvent(Widget.java:1079)
	at org.eclipse.swt.widgets.Widget.sendEvent(Widget.java:1064)
	at org.eclipse.swt.widgets.Widget.sendKeyEvent(Widget.java:1106)
	at org.eclipse.swt.widgets.Widget.sendKeyEvent(Widget.java:1102)
	at org.eclipse.swt.widgets.Widget.wmChar(Widget.java:1489)
	at org.eclipse.swt.widgets.Control.WM_CHAR(Control.java:4888)
	at org.eclipse.swt.widgets.Canvas.WM_CHAR(Canvas.java:353)
	at org.eclipse.swt.widgets.Control.windowProc(Control.java:4768)
	at org.eclipse.swt.widgets.Canvas.windowProc(Canvas.java:348)
	at org.eclipse.swt.widgets.Display.windowProc(Display.java:4770)
	at org.eclipse.swt.internal.win32.OS.DispatchMessage(Native Method)
	at org.eclipse.swt.widgets.Display.readAndDispatch(Display.java:3545)
	at org.eclipse.e4.ui.internal.workbench.swt.PartRenderingEngine$5.run(PartRenderingEngine.java:1173)
	at org.eclipse.core.databinding.observable.Realm.runWithDefault(Realm.java:338)
	at org.eclipse.e4.ui.internal.workbench.swt.PartRenderingEngine.run(PartRenderingEngine.java:1062)
	at org.eclipse.e4.ui.internal.workbench.E4Workbench.createAndRunUI(E4Workbench.java:155)
	at org.eclipse.ui.internal.Workbench.lambda$3(Workbench.java:644)
	at org.eclipse.core.databinding.observable.Realm.runWithDefault(Realm.java:338)
	at org.eclipse.ui.internal.Workbench.createAndRunWorkbench(Workbench.java:566)
	at org.eclipse.ui.PlatformUI.createAndRunWorkbench(PlatformUI.java:150)
	at org.eclipse.ui.internal.ide.application.IDEApplication.start(IDEApplication.java:155)
	at org.eclipse.equinox.internal.app.EclipseAppHandle.run(EclipseAppHandle.java:203)
	at org.eclipse.core.runtime.internal.adaptor.EclipseAppLauncher.runApplication(EclipseAppLauncher.java:137)
	at org.eclipse.core.runtime.internal.adaptor.EclipseAppLauncher.start(EclipseAppLauncher.java:107)
	at org.eclipse.core.runtime.adaptor.EclipseStarter.run(EclipseStarter.java:400)
	at org.eclipse.core.runtime.adaptor.EclipseStarter.run(EclipseStarter.java:255)
	at java.base/jdk.internal.reflect.NativeMethodAccessorImpl.invoke0(Native Method)
	at java.base/jdk.internal.reflect.NativeMethodAccessorImpl.invoke(NativeMethodAccessorImpl.java:62)
	at java.base/jdk.internal.reflect.DelegatingMethodAccessorImpl.invoke(DelegatingMethodAccessorImpl.java:43)
	at java.base/java.lang.reflect.Method.invoke(Method.java:566)
	at org.eclipse.equinox.launcher.Main.invokeFramework(Main.java:661)
	at org.eclipse.equinox.launcher.Main.basicRun(Main.java:597)
	at org.eclipse.equinox.launcher.Main.run(Main.java:1476)
2025-03-30 03:47:56,884 [Worker-2: Loading available Gradle versions] INFO  o.e.b.c.i.u.g.PublishedGradleVersions - Gradle version information cache is out-of-date. Trying to update.
2025-03-31 01:44:30,919 [Worker-3: Loading available Gradle versions] INFO  o.e.b.c.i.u.g.PublishedGradleVersions - Gradle version information cache is up-to-date. Trying to read.
2025-04-02 00:58:47,823 [Worker-6: Loading available Gradle versions] INFO  o.e.b.c.i.u.g.PublishedGradleVersions - Gradle version information cache is out-of-date. Trying to update.
2025-04-03 14:28:05,025 [Worker-0: Loading available Gradle versions] INFO  o.e.b.c.i.u.g.PublishedGradleVersions - Gradle version information cache is out-of-date. Trying to update.
2025-04-03 14:28:05,752 [Worker-0: Loading available Gradle versions] INFO  o.e.b.c.i.u.g.PublishedGradleVersions - Updating Gradle version information cache failed. Using outdated cache.
2025-04-03 19:25:38,532 [Worker-73: Launching ProjectOrsApplication] INFO  o.e.m.c.i.embedder.EclipseLogger - Using 'UTF-8' encoding to copy filtered resources.
2025-04-03 19:25:38,686 [Worker-73: Launching ProjectOrsApplication] INFO  o.e.m.c.i.embedder.EclipseLogger - Copying 1 resource
2025-04-03 19:25:38,719 [Worker-73: Launching ProjectOrsApplication] INFO  o.e.m.c.i.embedder.EclipseLogger - Copying 1 resource
2025-04-03 19:25:38,739 [Worker-73: Launching ProjectOrsApplication] INFO  o.e.m.c.i.embedder.EclipseLogger - Using 'UTF-8' encoding to copy filtered resources.
2025-04-03 19:25:38,739 [Worker-73: Launching ProjectOrsApplication] INFO  o.e.m.c.i.embedder.EclipseLogger - skip non existing resourceDirectory D:\Rays Software\Workspace\Project_10\ORSProj10\Project_10\src\test\resources
2025-04-03 20:00:47,010 [Worker-87: Building workspace] INFO  o.e.m.c.i.embedder.EclipseLogger - Using 'UTF-8' encoding to copy filtered resources.
2025-04-03 20:00:47,012 [Worker-87: Building workspace] INFO  o.e.m.c.i.embedder.EclipseLogger - Copying 1 resource
2025-04-03 20:00:47,014 [Worker-87: Building workspace] INFO  o.e.m.c.i.embedder.EclipseLogger - Copying 0 resource
2025-04-03 20:00:47,016 [Worker-87: Building workspace] INFO  o.e.m.c.i.embedder.EclipseLogger - Using 'UTF-8' encoding to copy filtered resources.
2025-04-03 20:00:47,016 [Worker-87: Building workspace] INFO  o.e.m.c.i.embedder.EclipseLogger - skip non existing resourceDirectory D:\Rays Software\Workspace\Project_10\ORSProj10\Project_10\src\test\resources
2025-04-04 01:06:02,729 [Worker-1: Loading available Gradle versions] INFO  o.e.b.c.i.u.g.PublishedGradleVersions - Gradle version information cache is out-of-date. Trying to update.
2025-04-04 01:06:03,023 [Worker-1: Loading available Gradle versions] INFO  o.e.b.c.i.u.g.PublishedGradleVersions - Updating Gradle version information cache failed. Using outdated cache.
2025-04-04 15:03:03,959 [Worker-3: Loading available Gradle versions] INFO  o.e.b.c.i.u.g.PublishedGradleVersions - Gradle version information cache is out-of-date. Trying to update.
2025-04-05 14:10:16,576 [Worker-3: Loading available Gradle versions] INFO  o.e.b.c.i.u.g.PublishedGradleVersions - Gradle version information cache is up-to-date. Trying to read.
2025-04-06 17:54:56,062 [Worker-1: Loading available Gradle versions] INFO  o.e.b.c.i.u.g.PublishedGradleVersions - Gradle version information cache is up-to-date. Trying to read.
2025-04-07 15:01:14,539 [Worker-6: Loading available Gradle versions] INFO  o.e.b.c.i.u.g.PublishedGradleVersions - Gradle version information cache is out-of-date. Trying to update.
2025-04-08 12:22:38,275 [Worker-3: Loading available Gradle versions] INFO  o.e.b.c.i.u.g.PublishedGradleVersions - Gradle version information cache is up-to-date. Trying to read.
2025-04-08 15:10:15,191 [Worker-31: Building workspace] INFO  o.e.m.c.i.embedder.EclipseLogger - Using 'UTF-8' encoding to copy filtered resources.
2025-04-08 15:10:15,223 [Worker-31: Building workspace] INFO  o.e.m.c.i.embedder.EclipseLogger - Copying 1 resource
2025-04-08 15:10:15,259 [Worker-31: Building workspace] INFO  o.e.m.c.i.embedder.EclipseLogger - Copying 1 resource
2025-04-08 15:10:15,265 [Worker-31: Building workspace] INFO  o.e.m.c.i.embedder.EclipseLogger - Using 'UTF-8' encoding to copy filtered resources.
2025-04-08 15:10:15,265 [Worker-31: Building workspace] INFO  o.e.m.c.i.embedder.EclipseLogger - skip non existing resourceDirectory D:\Rays Software\Workspace\Project_10\ORSProj10\Project_10\src\test\resources
2025-04-08 18:40:29,760 [Worker-100: Building workspace] INFO  o.e.m.c.i.embedder.EclipseLogger - Using 'UTF-8' encoding to copy filtered resources.
2025-04-08 18:40:29,766 [Worker-100: Building workspace] INFO  o.e.m.c.i.embedder.EclipseLogger - Copying 1 resource
2025-04-08 18:40:29,770 [Worker-100: Building workspace] INFO  o.e.m.c.i.embedder.EclipseLogger - Copying 1 resource
2025-04-08 18:40:29,772 [Worker-100: Building workspace] INFO  o.e.m.c.i.embedder.EclipseLogger - Using 'UTF-8' encoding to copy filtered resources.
2025-04-08 18:40:29,773 [Worker-100: Building workspace] INFO  o.e.m.c.i.embedder.EclipseLogger - skip non existing resourceDirectory D:\Rays Software\Workspace\Project_10\ORSProj10\Project_10\src\test\resources
2025-04-08 23:54:02,980 [Worker-1: Loading available Gradle versions] INFO  o.e.b.c.i.u.g.PublishedGradleVersions - Gradle version information cache is out-of-date. Trying to update.
2025-04-09 12:44:52,300 [Worker-1: Loading available Gradle versions] INFO  o.e.b.c.i.u.g.PublishedGradleVersions - Gradle version information cache is up-to-date. Trying to read.
2025-04-09 16:11:38,669 [Worker-56: Building workspace] INFO  o.e.m.c.i.embedder.EclipseLogger - Using 'UTF-8' encoding to copy filtered resources.
2025-04-09 16:11:38,669 [Worker-56: Building workspace] INFO  o.e.m.c.i.embedder.EclipseLogger - Copying 1 resource
2025-04-09 16:11:38,700 [Worker-56: Building workspace] INFO  o.e.m.c.i.embedder.EclipseLogger - Copying 1 resource
2025-04-09 16:11:38,731 [Worker-56: Building workspace] INFO  o.e.m.c.i.embedder.EclipseLogger - Using 'UTF-8' encoding to copy filtered resources.
2025-04-09 16:11:38,731 [Worker-56: Building workspace] INFO  o.e.m.c.i.embedder.EclipseLogger - skip non existing resourceDirectory D:\Rays Software\Workspace\Project_10\ORSProj10\Project_10\src\test\resources
2025-04-11 17:41:55,285 [Worker-120: Building workspace] INFO  o.e.m.c.i.embedder.EclipseLogger - Using 'UTF-8' encoding to copy filtered resources.
2025-04-11 17:41:55,301 [Worker-120: Building workspace] INFO  o.e.m.c.i.embedder.EclipseLogger - Copying 1 resource
2025-04-11 17:41:55,301 [Worker-120: Building workspace] INFO  o.e.m.c.i.embedder.EclipseLogger - Copying 1 resource
2025-04-11 17:41:55,301 [Worker-120: Building workspace] INFO  o.e.m.c.i.embedder.EclipseLogger - Using 'UTF-8' encoding to copy filtered resources.
2025-04-11 17:41:55,301 [Worker-120: Building workspace] INFO  o.e.m.c.i.embedder.EclipseLogger - skip non existing resourceDirectory D:\Rays Software\Workspace\Project_10\ORSProj10\Project_10\src\test\resources
2025-04-11 17:43:08,198 [Worker-118: Building workspace] INFO  o.e.m.c.i.embedder.EclipseLogger - Using 'UTF-8' encoding to copy filtered resources.
2025-04-11 17:43:08,198 [Worker-118: Building workspace] INFO  o.e.m.c.i.embedder.EclipseLogger - Copying 1 resource
2025-04-11 17:43:08,213 [Worker-118: Building workspace] INFO  o.e.m.c.i.embedder.EclipseLogger - Copying 1 resource
2025-04-11 17:43:08,213 [Worker-118: Building workspace] INFO  o.e.m.c.i.embedder.EclipseLogger - Using 'UTF-8' encoding to copy filtered resources.
2025-04-11 17:43:08,213 [Worker-118: Building workspace] INFO  o.e.m.c.i.embedder.EclipseLogger - skip non existing resourceDirectory D:\Rays Software\Workspace\Project_10\ORSProj10\Project_10\src\test\resources
2025-04-11 17:44:15,322 [main] ERROR o.e.m.j.u.i.DownloadSourcesActionDelegate - Could not schedule source download
org.eclipse.jdt.core.JavaModelException: bin/src/main/java/com/rays/common [in Project_10] is not on its project's build path
	at org.eclipse.jdt.internal.core.JavaElement.newJavaModelException(JavaElement.java:583)
	at org.eclipse.jdt.internal.core.Openable.generateInfos(Openable.java:256)
	at org.eclipse.jdt.internal.core.JavaElement.openWhenClosed(JavaElement.java:596)
	at org.eclipse.jdt.internal.core.JavaElement.getElementInfo(JavaElement.java:326)
	at org.eclipse.jdt.internal.core.JavaElement.getElementInfo(JavaElement.java:312)
	at org.eclipse.jdt.internal.core.PackageFragmentRoot.getKind(PackageFragmentRoot.java:516)
	at org.eclipse.jdt.internal.core.PackageFragmentRoot.getSourceAttachmentPath(PackageFragmentRoot.java:641)
	at org.eclipse.m2e.jdt.ui.internal.DownloadSourcesActionDelegate.setActiveEditor(DownloadSourcesActionDelegate.java:51)
	at org.eclipse.ui.internal.EditorPluginAction.editorChanged(EditorPluginAction.java:72)
	at org.eclipse.ui.internal.EditorActionBuilder$EditorContribution.editorChanged(EditorActionBuilder.java:83)
	at org.eclipse.ui.internal.EditorActionBuilder$ExternalContributor.setActiveEditor(EditorActionBuilder.java:132)
	at org.eclipse.ui.internal.EditorActionBars.partChanged(EditorActionBars.java:346)
	at org.eclipse.ui.internal.WorkbenchPage.updateActivations(WorkbenchPage.java:325)
	at org.eclipse.ui.internal.WorkbenchPage.access$2(WorkbenchPage.java:306)
	at org.eclipse.ui.internal.WorkbenchPage$E4PartListener.partActivated(WorkbenchPage.java:213)
	at org.eclipse.e4.ui.internal.workbench.PartServiceImpl$3.run(PartServiceImpl.java:253)
	at org.eclipse.core.runtime.SafeRunner.run(SafeRunner.java:45)
	at org.eclipse.e4.ui.internal.workbench.PartServiceImpl.firePartActivated(PartServiceImpl.java:250)
	at org.eclipse.e4.ui.internal.workbench.PartServiceImpl.activate(PartServiceImpl.java:775)
	at org.eclipse.e4.ui.internal.workbench.PartServiceImpl.activate(PartServiceImpl.java:684)
	at org.eclipse.e4.ui.internal.workbench.swt.AbstractPartRenderer.activate(AbstractPartRenderer.java:97)
	at org.eclipse.e4.ui.workbench.renderers.swt.ContributedPartRenderer.lambda$0(ContributedPartRenderer.java:63)
	at org.eclipse.swt.widgets.EventTable.sendEvent(EventTable.java:89)
	at org.eclipse.swt.widgets.Display.sendEvent(Display.java:4131)
	at org.eclipse.swt.widgets.Widget.sendEvent(Widget.java:1055)
	at org.eclipse.swt.widgets.Widget.sendEvent(Widget.java:1079)
	at org.eclipse.swt.widgets.Widget.sendEvent(Widget.java:1064)
	at org.eclipse.swt.widgets.Shell.setActiveControl(Shell.java:1524)
	at org.eclipse.swt.widgets.Shell.setActiveControl(Shell.java:1487)
	at org.eclipse.swt.widgets.Control.sendFocusEvent(Control.java:2971)
	at org.eclipse.swt.widgets.Widget.wmSetFocus(Widget.java:2234)
	at org.eclipse.swt.widgets.Control.WM_SETFOCUS(Control.java:5434)
	at org.eclipse.swt.widgets.Canvas.WM_SETFOCUS(Canvas.java:445)
	at org.eclipse.swt.widgets.Control.windowProc(Control.java:4838)
	at org.eclipse.swt.widgets.Canvas.windowProc(Canvas.java:348)
	at org.eclipse.swt.widgets.Display.windowProc(Display.java:4770)
	at org.eclipse.swt.internal.win32.OS.SetFocus(Native Method)
	at org.eclipse.swt.widgets.Control.forceFocus(Control.java:1115)
	at org.eclipse.swt.widgets.Control.setFocus(Control.java:3456)
	at org.eclipse.swt.widgets.Composite.setFocus(Composite.java:1101)
	at org.eclipse.ui.texteditor.AbstractTextEditor.setFocus(AbstractTextEditor.java:6192)
	at org.eclipse.ui.texteditor.StatusTextEditor.setFocus(StatusTextEditor.java:147)
	at org.eclipse.jdt.internal.ui.javaeditor.JavaEditor.setFocus(JavaEditor.java:2372)
	at org.eclipse.jdt.internal.ui.javaeditor.ClassFileEditor.setFocus(ClassFileEditor.java:981)
	at org.eclipse.ui.internal.e4.compatibility.CompatibilityPart.delegateSetFocus(CompatibilityPart.java:225)
	at jdk.internal.reflect.GeneratedMethodAccessor87.invoke(Unknown Source)
	at java.base/jdk.internal.reflect.DelegatingMethodAccessorImpl.invoke(DelegatingMethodAccessorImpl.java:43)
	at java.base/java.lang.reflect.Method.invoke(Method.java:566)
	at org.eclipse.e4.core.internal.di.MethodRequestor.execute(MethodRequestor.java:58)
	at org.eclipse.e4.core.internal.di.InjectorImpl.invokeUsingClass(InjectorImpl.java:320)
	at org.eclipse.e4.core.internal.di.InjectorImpl.invokeUsingClass(InjectorImpl.java:326)
	at org.eclipse.e4.core.internal.di.InjectorImpl.invoke(InjectorImpl.java:248)
	at org.eclipse.e4.core.contexts.ContextInjectionFactory.invoke(ContextInjectionFactory.java:147)
	at org.eclipse.e4.ui.internal.workbench.swt.PartRenderingEngine.focusGui(PartRenderingEngine.java:808)
	at org.eclipse.e4.ui.workbench.renderers.swt.ContributedPartRenderer$1.setFocus(ContributedPartRenderer.java:106)
	at org.eclipse.swt.custom.CTabItem.setFocus(CTabItem.java:343)
	at org.eclipse.swt.custom.CTabFolder.setFocus(CTabFolder.java:2637)
	at org.eclipse.swt.widgets.Control.fixFocus(Control.java:1070)
	at org.eclipse.swt.widgets.Control.setVisible(Control.java:3971)
	at org.eclipse.swt.custom.CTabFolder.setSelection(CTabFolder.java:3181)
	at org.eclipse.swt.custom.CTabFolder.setSelection(CTabFolder.java:3138)
	at org.eclipse.e4.ui.workbench.renderers.swt.StackRenderer.showTab(StackRenderer.java:1307)
	at org.eclipse.e4.ui.workbench.renderers.swt.LazyStackRenderer.lambda$0(LazyStackRenderer.java:75)
	at org.eclipse.e4.ui.services.internal.events.UIEventHandler.lambda$0(UIEventHandler.java:38)
	at org.eclipse.swt.widgets.Synchronizer.syncExec(Synchronizer.java:236)
	at org.eclipse.ui.internal.UISynchronizer.syncExec(UISynchronizer.java:147)
	at org.eclipse.swt.widgets.Display.syncExec(Display.java:4580)
	at org.eclipse.e4.ui.internal.workbench.swt.E4Application$1.syncExec(E4Application.java:219)
	at org.eclipse.e4.ui.services.internal.events.UIEventHandler.handleEvent(UIEventHandler.java:38)
	at org.eclipse.equinox.internal.event.EventHandlerWrapper.handleEvent(EventHandlerWrapper.java:205)
	at org.eclipse.equinox.internal.event.EventHandlerTracker.dispatchEvent(EventHandlerTracker.java:203)
	at org.eclipse.equinox.internal.event.EventHandlerTracker.dispatchEvent(EventHandlerTracker.java:1)
	at org.eclipse.osgi.framework.eventmgr.EventManager.dispatchEvent(EventManager.java:233)
	at org.eclipse.osgi.framework.eventmgr.ListenerQueue.dispatchEventSynchronous(ListenerQueue.java:151)
	at org.eclipse.equinox.internal.event.EventAdminImpl.dispatchEvent(EventAdminImpl.java:132)
	at org.eclipse.equinox.internal.event.EventAdminImpl.sendEvent(EventAdminImpl.java:75)
	at org.eclipse.equinox.internal.event.EventComponent.sendEvent(EventComponent.java:44)
	at org.eclipse.e4.ui.services.internal.events.EventBroker.send(EventBroker.java:55)
	at org.eclipse.e4.ui.internal.workbench.UIEventPublisher.notifyChanged(UIEventPublisher.java:63)
	at org.eclipse.emf.common.notify.impl.BasicNotifierImpl.eNotify(BasicNotifierImpl.java:424)
	at org.eclipse.e4.ui.model.application.ui.impl.ElementContainerImpl.setSelectedElement(ElementContainerImpl.java:177)
	at org.eclipse.e4.ui.internal.workbench.ModelServiceImpl.showElementInWindow(ModelServiceImpl.java:652)
	at org.eclipse.e4.ui.internal.workbench.ModelServiceImpl.bringToTop(ModelServiceImpl.java:616)
	at org.eclipse.e4.ui.internal.workbench.PartServiceImpl.delegateBringToTop(PartServiceImpl.java:791)
	at org.eclipse.e4.ui.internal.workbench.PartServiceImpl.showPart(PartServiceImpl.java:1237)
	at org.eclipse.ui.internal.WorkbenchPage.busyOpenEditor(WorkbenchPage.java:3317)
	at org.eclipse.ui.internal.WorkbenchPage.lambda$9(WorkbenchPage.java:3216)
	at org.eclipse.swt.custom.BusyIndicator.showWhile(BusyIndicator.java:72)
	at org.eclipse.ui.internal.WorkbenchPage.openEditor(WorkbenchPage.java:3213)
	at org.eclipse.ui.internal.WorkbenchPage.openEditor(WorkbenchPage.java:3177)
	at org.eclipse.ui.internal.WorkbenchPage.openEditor(WorkbenchPage.java:3167)
	at org.eclipse.ui.ide.IDE.openEditor(IDE.java:570)
	at org.eclipse.ui.ide.IDE.openEditor(IDE.java:525)
	at org.eclipse.ui.internal.ide.handlers.OpenResourceHandler.execute(OpenResourceHandler.java:130)
	at org.eclipse.ui.internal.ide.handlers.OpenResourceHandler.run(OpenResourceHandler.java:185)
	at org.eclipse.ui.internal.handlers.ActionDelegateHandlerProxy.execute(ActionDelegateHandlerProxy.java:305)
	at org.eclipse.ui.internal.handlers.E4HandlerProxy.execute(E4HandlerProxy.java:96)
	at jdk.internal.reflect.GeneratedMethodAccessor114.invoke(Unknown Source)
	at java.base/jdk.internal.reflect.DelegatingMethodAccessorImpl.invoke(DelegatingMethodAccessorImpl.java:43)
	at java.base/java.lang.reflect.Method.invoke(Method.java:566)
	at org.eclipse.e4.core.internal.di.MethodRequestor.execute(MethodRequestor.java:58)
	at org.eclipse.e4.core.internal.di.InjectorImpl.invokeUsingClass(InjectorImpl.java:320)
	at org.eclipse.e4.core.internal.di.InjectorImpl.invoke(InjectorImpl.java:254)
	at org.eclipse.e4.core.contexts.ContextInjectionFactory.invoke(ContextInjectionFactory.java:173)
	at org.eclipse.e4.core.commands.internal.HandlerServiceHandler.execute(HandlerServiceHandler.java:156)
	at org.eclipse.core.commands.Command.executeWithChecks(Command.java:497)
	at org.eclipse.core.commands.ParameterizedCommand.executeWithChecks(ParameterizedCommand.java:490)
	at org.eclipse.e4.core.commands.internal.HandlerServiceImpl.executeHandler(HandlerServiceImpl.java:213)
	at org.eclipse.e4.ui.bindings.keys.KeyBindingDispatcher.executeCommand(KeyBindingDispatcher.java:308)
	at org.eclipse.e4.ui.bindings.keys.KeyBindingDispatcher.press(KeyBindingDispatcher.java:584)
	at org.eclipse.e4.ui.bindings.keys.KeyBindingDispatcher.processKeyEvent(KeyBindingDispatcher.java:653)
	at org.eclipse.e4.ui.bindings.keys.KeyBindingDispatcher.filterKeySequenceBindings(KeyBindingDispatcher.java:443)
	at org.eclipse.e4.ui.bindings.keys.KeyBindingDispatcher.access$2(KeyBindingDispatcher.java:386)
	at org.eclipse.e4.ui.bindings.keys.KeyBindingDispatcher$KeyDownFilter.handleEvent(KeyBindingDispatcher.java:96)
	at org.eclipse.swt.widgets.EventTable.sendEvent(EventTable.java:89)
	at org.eclipse.swt.widgets.Display.filterEvent(Display.java:1194)
	at org.eclipse.swt.widgets.Widget.sendEvent(Widget.java:1054)
	at org.eclipse.swt.widgets.Widget.sendEvent(Widget.java:1079)
	at org.eclipse.swt.widgets.Widget.sendEvent(Widget.java:1064)
	at org.eclipse.swt.widgets.Widget.sendKeyEvent(Widget.java:1106)
	at org.eclipse.swt.widgets.Widget.sendKeyEvent(Widget.java:1102)
	at org.eclipse.swt.widgets.Widget.wmChar(Widget.java:1489)
	at org.eclipse.swt.widgets.Control.WM_CHAR(Control.java:4888)
	at org.eclipse.swt.widgets.Canvas.WM_CHAR(Canvas.java:353)
	at org.eclipse.swt.widgets.Control.windowProc(Control.java:4768)
	at org.eclipse.swt.widgets.Canvas.windowProc(Canvas.java:348)
	at org.eclipse.swt.widgets.Display.windowProc(Display.java:4770)
	at org.eclipse.swt.internal.win32.OS.DispatchMessage(Native Method)
	at org.eclipse.swt.widgets.Display.readAndDispatch(Display.java:3545)
	at org.eclipse.e4.ui.internal.workbench.swt.PartRenderingEngine$5.run(PartRenderingEngine.java:1173)
	at org.eclipse.core.databinding.observable.Realm.runWithDefault(Realm.java:338)
	at org.eclipse.e4.ui.internal.workbench.swt.PartRenderingEngine.run(PartRenderingEngine.java:1062)
	at org.eclipse.e4.ui.internal.workbench.E4Workbench.createAndRunUI(E4Workbench.java:155)
	at org.eclipse.ui.internal.Workbench.lambda$3(Workbench.java:644)
	at org.eclipse.core.databinding.observable.Realm.runWithDefault(Realm.java:338)
	at org.eclipse.ui.internal.Workbench.createAndRunWorkbench(Workbench.java:566)
	at org.eclipse.ui.PlatformUI.createAndRunWorkbench(PlatformUI.java:150)
	at org.eclipse.ui.internal.ide.application.IDEApplication.start(IDEApplication.java:155)
	at org.eclipse.equinox.internal.app.EclipseAppHandle.run(EclipseAppHandle.java:203)
	at org.eclipse.core.runtime.internal.adaptor.EclipseAppLauncher.runApplication(EclipseAppLauncher.java:137)
	at org.eclipse.core.runtime.internal.adaptor.EclipseAppLauncher.start(EclipseAppLauncher.java:107)
	at org.eclipse.core.runtime.adaptor.EclipseStarter.run(EclipseStarter.java:400)
	at org.eclipse.core.runtime.adaptor.EclipseStarter.run(EclipseStarter.java:255)
	at java.base/jdk.internal.reflect.NativeMethodAccessorImpl.invoke0(Native Method)
	at java.base/jdk.internal.reflect.NativeMethodAccessorImpl.invoke(NativeMethodAccessorImpl.java:62)
	at java.base/jdk.internal.reflect.DelegatingMethodAccessorImpl.invoke(DelegatingMethodAccessorImpl.java:43)
	at java.base/java.lang.reflect.Method.invoke(Method.java:566)
	at org.eclipse.equinox.launcher.Main.invokeFramework(Main.java:661)
	at org.eclipse.equinox.launcher.Main.basicRun(Main.java:597)
	at org.eclipse.equinox.launcher.Main.run(Main.java:1476)
2025-04-11 17:55:56,036 [main] ERROR o.e.m.j.u.i.DownloadSourcesActionDelegate - Could not schedule source download
org.eclipse.jdt.core.JavaModelException: bin/src/main/java/com/rays/common [in Project_10] is not on its project's build path
	at org.eclipse.jdt.internal.core.JavaElement.newJavaModelException(JavaElement.java:583)
	at org.eclipse.jdt.internal.core.Openable.generateInfos(Openable.java:256)
	at org.eclipse.jdt.internal.core.JavaElement.openWhenClosed(JavaElement.java:596)
	at org.eclipse.jdt.internal.core.JavaElement.getElementInfo(JavaElement.java:326)
	at org.eclipse.jdt.internal.core.JavaElement.getElementInfo(JavaElement.java:312)
	at org.eclipse.jdt.internal.core.PackageFragmentRoot.getKind(PackageFragmentRoot.java:516)
	at org.eclipse.jdt.internal.core.PackageFragmentRoot.getSourceAttachmentPath(PackageFragmentRoot.java:641)
	at org.eclipse.m2e.jdt.ui.internal.DownloadSourcesActionDelegate.setActiveEditor(DownloadSourcesActionDelegate.java:51)
	at org.eclipse.ui.internal.EditorPluginAction.editorChanged(EditorPluginAction.java:72)
	at org.eclipse.ui.internal.EditorActionBuilder$EditorContribution.editorChanged(EditorActionBuilder.java:83)
	at org.eclipse.ui.internal.EditorActionBuilder$ExternalContributor.setActiveEditor(EditorActionBuilder.java:132)
	at org.eclipse.ui.internal.EditorActionBars.partChanged(EditorActionBars.java:346)
	at org.eclipse.ui.internal.WorkbenchPage.updateActivations(WorkbenchPage.java:325)
	at org.eclipse.ui.internal.WorkbenchPage.access$2(WorkbenchPage.java:306)
	at org.eclipse.ui.internal.WorkbenchPage$E4PartListener.partActivated(WorkbenchPage.java:213)
	at org.eclipse.e4.ui.internal.workbench.PartServiceImpl$3.run(PartServiceImpl.java:253)
	at org.eclipse.core.runtime.SafeRunner.run(SafeRunner.java:45)
	at org.eclipse.e4.ui.internal.workbench.PartServiceImpl.firePartActivated(PartServiceImpl.java:250)
	at org.eclipse.e4.ui.internal.workbench.PartServiceImpl.activate(PartServiceImpl.java:775)
	at org.eclipse.e4.ui.internal.workbench.PartServiceImpl.activate(PartServiceImpl.java:684)
	at org.eclipse.e4.ui.internal.workbench.swt.AbstractPartRenderer.activate(AbstractPartRenderer.java:97)
	at org.eclipse.e4.ui.workbench.renderers.swt.ContributedPartRenderer.lambda$0(ContributedPartRenderer.java:63)
	at org.eclipse.swt.widgets.EventTable.sendEvent(EventTable.java:89)
	at org.eclipse.swt.widgets.Display.sendEvent(Display.java:4131)
	at org.eclipse.swt.widgets.Widget.sendEvent(Widget.java:1055)
	at org.eclipse.swt.widgets.Widget.sendEvent(Widget.java:1079)
	at org.eclipse.swt.widgets.Widget.sendEvent(Widget.java:1064)
	at org.eclipse.swt.widgets.Shell.setActiveControl(Shell.java:1524)
	at org.eclipse.swt.widgets.Shell.setActiveControl(Shell.java:1487)
	at org.eclipse.swt.widgets.Control.sendFocusEvent(Control.java:2971)
	at org.eclipse.swt.widgets.Widget.wmSetFocus(Widget.java:2234)
	at org.eclipse.swt.widgets.Control.WM_SETFOCUS(Control.java:5434)
	at org.eclipse.swt.widgets.Control.windowProc(Control.java:4838)
	at org.eclipse.swt.widgets.Display.windowProc(Display.java:4770)
	at org.eclipse.swt.internal.win32.OS.SetFocus(Native Method)
	at org.eclipse.swt.widgets.Control.forceFocus(Control.java:1115)
	at org.eclipse.swt.widgets.Control.setFocus(Control.java:3456)
	at org.eclipse.swt.widgets.Composite.setFocus(Composite.java:1101)
	at org.eclipse.swt.widgets.Composite.setFocus(Composite.java:1099)
	at org.eclipse.jdt.internal.ui.javaeditor.ClassFileEditor.setFocus(ClassFileEditor.java:984)
	at org.eclipse.ui.internal.e4.compatibility.CompatibilityPart.delegateSetFocus(CompatibilityPart.java:225)
	at jdk.internal.reflect.GeneratedMethodAccessor87.invoke(Unknown Source)
	at java.base/jdk.internal.reflect.DelegatingMethodAccessorImpl.invoke(DelegatingMethodAccessorImpl.java:43)
	at java.base/java.lang.reflect.Method.invoke(Method.java:566)
	at org.eclipse.e4.core.internal.di.MethodRequestor.execute(MethodRequestor.java:58)
	at org.eclipse.e4.core.internal.di.InjectorImpl.invokeUsingClass(InjectorImpl.java:320)
	at org.eclipse.e4.core.internal.di.InjectorImpl.invokeUsingClass(InjectorImpl.java:326)
	at org.eclipse.e4.core.internal.di.InjectorImpl.invoke(InjectorImpl.java:248)
	at org.eclipse.e4.core.contexts.ContextInjectionFactory.invoke(ContextInjectionFactory.java:147)
	at org.eclipse.e4.ui.internal.workbench.swt.PartRenderingEngine.focusGui(PartRenderingEngine.java:808)
	at org.eclipse.e4.ui.workbench.renderers.swt.ContributedPartRenderer$1.setFocus(ContributedPartRenderer.java:106)
	at org.eclipse.swt.custom.CTabItem.setFocus(CTabItem.java:343)
	at org.eclipse.swt.custom.CTabFolder.setFocus(CTabFolder.java:2637)
	at org.eclipse.swt.widgets.Control.fixFocus(Control.java:1070)
	at org.eclipse.swt.widgets.Control.setVisible(Control.java:3971)
	at org.eclipse.swt.custom.CTabFolder.setSelection(CTabFolder.java:3181)
	at org.eclipse.swt.custom.CTabFolder.setSelection(CTabFolder.java:3189)
	at org.eclipse.swt.custom.CTabFolder.onMouse(CTabFolder.java:1876)
	at org.eclipse.swt.custom.CTabFolder.lambda$0(CTabFolder.java:330)
	at org.eclipse.swt.widgets.EventTable.sendEvent(EventTable.java:89)
	at org.eclipse.swt.widgets.Display.sendEvent(Display.java:4131)
	at org.eclipse.swt.widgets.Widget.sendEvent(Widget.java:1055)
	at org.eclipse.swt.widgets.Display.runDeferredEvents(Display.java:3944)
	at org.eclipse.swt.widgets.Display.readAndDispatch(Display.java:3547)
	at org.eclipse.e4.ui.internal.workbench.swt.PartRenderingEngine$5.run(PartRenderingEngine.java:1173)
	at org.eclipse.core.databinding.observable.Realm.runWithDefault(Realm.java:338)
	at org.eclipse.e4.ui.internal.workbench.swt.PartRenderingEngine.run(PartRenderingEngine.java:1062)
	at org.eclipse.e4.ui.internal.workbench.E4Workbench.createAndRunUI(E4Workbench.java:155)
	at org.eclipse.ui.internal.Workbench.lambda$3(Workbench.java:644)
	at org.eclipse.core.databinding.observable.Realm.runWithDefault(Realm.java:338)
	at org.eclipse.ui.internal.Workbench.createAndRunWorkbench(Workbench.java:566)
	at org.eclipse.ui.PlatformUI.createAndRunWorkbench(PlatformUI.java:150)
	at org.eclipse.ui.internal.ide.application.IDEApplication.start(IDEApplication.java:155)
	at org.eclipse.equinox.internal.app.EclipseAppHandle.run(EclipseAppHandle.java:203)
	at org.eclipse.core.runtime.internal.adaptor.EclipseAppLauncher.runApplication(EclipseAppLauncher.java:137)
	at org.eclipse.core.runtime.internal.adaptor.EclipseAppLauncher.start(EclipseAppLauncher.java:107)
	at org.eclipse.core.runtime.adaptor.EclipseStarter.run(EclipseStarter.java:400)
	at org.eclipse.core.runtime.adaptor.EclipseStarter.run(EclipseStarter.java:255)
	at java.base/jdk.internal.reflect.NativeMethodAccessorImpl.invoke0(Native Method)
	at java.base/jdk.internal.reflect.NativeMethodAccessorImpl.invoke(NativeMethodAccessorImpl.java:62)
	at java.base/jdk.internal.reflect.DelegatingMethodAccessorImpl.invoke(DelegatingMethodAccessorImpl.java:43)
	at java.base/java.lang.reflect.Method.invoke(Method.java:566)
	at org.eclipse.equinox.launcher.Main.invokeFramework(Main.java:661)
	at org.eclipse.equinox.launcher.Main.basicRun(Main.java:597)
	at org.eclipse.equinox.launcher.Main.run(Main.java:1476)
2025-04-11 17:56:40,842 [main] ERROR o.e.m.j.u.i.DownloadSourcesActionDelegate - Could not schedule source download
org.eclipse.jdt.core.JavaModelException: bin/src/main/java/com/rays/common [in Project_10] is not on its project's build path
	at org.eclipse.jdt.internal.core.JavaElement.newJavaModelException(JavaElement.java:583)
	at org.eclipse.jdt.internal.core.Openable.generateInfos(Openable.java:256)
	at org.eclipse.jdt.internal.core.JavaElement.openWhenClosed(JavaElement.java:596)
	at org.eclipse.jdt.internal.core.JavaElement.getElementInfo(JavaElement.java:326)
	at org.eclipse.jdt.internal.core.JavaElement.getElementInfo(JavaElement.java:312)
	at org.eclipse.jdt.internal.core.PackageFragmentRoot.getKind(PackageFragmentRoot.java:516)
	at org.eclipse.jdt.internal.core.PackageFragmentRoot.getSourceAttachmentPath(PackageFragmentRoot.java:641)
	at org.eclipse.m2e.jdt.ui.internal.DownloadSourcesActionDelegate.setActiveEditor(DownloadSourcesActionDelegate.java:51)
	at org.eclipse.ui.internal.EditorPluginAction.editorChanged(EditorPluginAction.java:72)
	at org.eclipse.ui.internal.EditorActionBuilder$EditorContribution.editorChanged(EditorActionBuilder.java:83)
	at org.eclipse.ui.internal.EditorActionBuilder$ExternalContributor.setActiveEditor(EditorActionBuilder.java:132)
	at org.eclipse.ui.internal.EditorActionBars.partChanged(EditorActionBars.java:346)
	at org.eclipse.ui.internal.WorkbenchPage.updateActivations(WorkbenchPage.java:325)
	at org.eclipse.ui.internal.WorkbenchPage.access$2(WorkbenchPage.java:306)
	at org.eclipse.ui.internal.WorkbenchPage$E4PartListener.partActivated(WorkbenchPage.java:213)
	at org.eclipse.e4.ui.internal.workbench.PartServiceImpl$3.run(PartServiceImpl.java:253)
	at org.eclipse.core.runtime.SafeRunner.run(SafeRunner.java:45)
	at org.eclipse.e4.ui.internal.workbench.PartServiceImpl.firePartActivated(PartServiceImpl.java:250)
	at org.eclipse.e4.ui.internal.workbench.PartServiceImpl.activate(PartServiceImpl.java:775)
	at org.eclipse.e4.ui.internal.workbench.PartServiceImpl.activate(PartServiceImpl.java:684)
	at org.eclipse.e4.ui.internal.workbench.swt.AbstractPartRenderer.activate(AbstractPartRenderer.java:97)
	at org.eclipse.e4.ui.workbench.renderers.swt.ContributedPartRenderer.lambda$0(ContributedPartRenderer.java:63)
	at org.eclipse.swt.widgets.EventTable.sendEvent(EventTable.java:89)
	at org.eclipse.swt.widgets.Display.sendEvent(Display.java:4131)
	at org.eclipse.swt.widgets.Widget.sendEvent(Widget.java:1055)
	at org.eclipse.swt.widgets.Widget.sendEvent(Widget.java:1079)
	at org.eclipse.swt.widgets.Widget.sendEvent(Widget.java:1064)
	at org.eclipse.swt.widgets.Shell.setActiveControl(Shell.java:1524)
	at org.eclipse.swt.widgets.Shell.setActiveControl(Shell.java:1487)
	at org.eclipse.swt.widgets.Control.sendFocusEvent(Control.java:2971)
	at org.eclipse.swt.widgets.Widget.wmSetFocus(Widget.java:2234)
	at org.eclipse.swt.widgets.Control.WM_SETFOCUS(Control.java:5434)
	at org.eclipse.swt.widgets.Control.windowProc(Control.java:4838)
	at org.eclipse.swt.widgets.Display.windowProc(Display.java:4770)
	at org.eclipse.swt.internal.win32.OS.SetFocus(Native Method)
	at org.eclipse.swt.widgets.Control.forceFocus(Control.java:1115)
	at org.eclipse.swt.widgets.Control.setFocus(Control.java:3456)
	at org.eclipse.swt.widgets.Composite.setFocus(Composite.java:1101)
	at org.eclipse.swt.widgets.Composite.setFocus(Composite.java:1099)
	at org.eclipse.jdt.internal.ui.javaeditor.ClassFileEditor.setFocus(ClassFileEditor.java:984)
	at org.eclipse.ui.internal.e4.compatibility.CompatibilityPart.delegateSetFocus(CompatibilityPart.java:225)
	at jdk.internal.reflect.GeneratedMethodAccessor87.invoke(Unknown Source)
	at java.base/jdk.internal.reflect.DelegatingMethodAccessorImpl.invoke(DelegatingMethodAccessorImpl.java:43)
	at java.base/java.lang.reflect.Method.invoke(Method.java:566)
	at org.eclipse.e4.core.internal.di.MethodRequestor.execute(MethodRequestor.java:58)
	at org.eclipse.e4.core.internal.di.InjectorImpl.invokeUsingClass(InjectorImpl.java:320)
	at org.eclipse.e4.core.internal.di.InjectorImpl.invokeUsingClass(InjectorImpl.java:326)
	at org.eclipse.e4.core.internal.di.InjectorImpl.invoke(InjectorImpl.java:248)
	at org.eclipse.e4.core.contexts.ContextInjectionFactory.invoke(ContextInjectionFactory.java:147)
	at org.eclipse.e4.ui.internal.workbench.swt.PartRenderingEngine.focusGui(PartRenderingEngine.java:808)
	at org.eclipse.e4.ui.workbench.renderers.swt.ContributedPartRenderer$1.setFocus(ContributedPartRenderer.java:106)
	at org.eclipse.swt.custom.CTabItem.setFocus(CTabItem.java:343)
	at org.eclipse.swt.custom.CTabFolder.setFocus(CTabFolder.java:2637)
	at org.eclipse.swt.widgets.Control.fixFocus(Control.java:1070)
	at org.eclipse.swt.widgets.Control.setVisible(Control.java:3971)
	at org.eclipse.swt.custom.CTabFolder.setSelection(CTabFolder.java:3181)
	at org.eclipse.swt.custom.CTabFolder.setSelection(CTabFolder.java:3189)
	at org.eclipse.swt.custom.CTabFolder.onMouse(CTabFolder.java:1876)
	at org.eclipse.swt.custom.CTabFolder.lambda$0(CTabFolder.java:330)
	at org.eclipse.swt.widgets.EventTable.sendEvent(EventTable.java:89)
	at org.eclipse.swt.widgets.Display.sendEvent(Display.java:4131)
	at org.eclipse.swt.widgets.Widget.sendEvent(Widget.java:1055)
	at org.eclipse.swt.widgets.Display.runDeferredEvents(Display.java:3944)
	at org.eclipse.swt.widgets.Display.readAndDispatch(Display.java:3547)
	at org.eclipse.e4.ui.internal.workbench.swt.PartRenderingEngine$5.run(PartRenderingEngine.java:1173)
	at org.eclipse.core.databinding.observable.Realm.runWithDefault(Realm.java:338)
	at org.eclipse.e4.ui.internal.workbench.swt.PartRenderingEngine.run(PartRenderingEngine.java:1062)
	at org.eclipse.e4.ui.internal.workbench.E4Workbench.createAndRunUI(E4Workbench.java:155)
	at org.eclipse.ui.internal.Workbench.lambda$3(Workbench.java:644)
	at org.eclipse.core.databinding.observable.Realm.runWithDefault(Realm.java:338)
	at org.eclipse.ui.internal.Workbench.createAndRunWorkbench(Workbench.java:566)
	at org.eclipse.ui.PlatformUI.createAndRunWorkbench(PlatformUI.java:150)
	at org.eclipse.ui.internal.ide.application.IDEApplication.start(IDEApplication.java:155)
	at org.eclipse.equinox.internal.app.EclipseAppHandle.run(EclipseAppHandle.java:203)
	at org.eclipse.core.runtime.internal.adaptor.EclipseAppLauncher.runApplication(EclipseAppLauncher.java:137)
	at org.eclipse.core.runtime.internal.adaptor.EclipseAppLauncher.start(EclipseAppLauncher.java:107)
	at org.eclipse.core.runtime.adaptor.EclipseStarter.run(EclipseStarter.java:400)
	at org.eclipse.core.runtime.adaptor.EclipseStarter.run(EclipseStarter.java:255)
	at java.base/jdk.internal.reflect.NativeMethodAccessorImpl.invoke0(Native Method)
	at java.base/jdk.internal.reflect.NativeMethodAccessorImpl.invoke(NativeMethodAccessorImpl.java:62)
	at java.base/jdk.internal.reflect.DelegatingMethodAccessorImpl.invoke(DelegatingMethodAccessorImpl.java:43)
	at java.base/java.lang.reflect.Method.invoke(Method.java:566)
	at org.eclipse.equinox.launcher.Main.invokeFramework(Main.java:661)
	at org.eclipse.equinox.launcher.Main.basicRun(Main.java:597)
	at org.eclipse.equinox.launcher.Main.run(Main.java:1476)
2025-04-11 18:11:43,523 [Worker-131: Building workspace] INFO  o.e.m.c.i.embedder.EclipseLogger - Using 'UTF-8' encoding to copy filtered resources.
2025-04-11 18:11:43,523 [Worker-131: Building workspace] INFO  o.e.m.c.i.embedder.EclipseLogger - Copying 1 resource
2025-04-11 18:11:43,523 [Worker-131: Building workspace] INFO  o.e.m.c.i.embedder.EclipseLogger - Copying 1 resource
2025-04-11 18:11:43,539 [Worker-131: Building workspace] INFO  o.e.m.c.i.embedder.EclipseLogger - Using 'UTF-8' encoding to copy filtered resources.
2025-04-11 18:11:43,539 [Worker-131: Building workspace] INFO  o.e.m.c.i.embedder.EclipseLogger - skip non existing resourceDirectory D:\Rays Software\Workspace\Project_10\ORSProj10\Project_10\src\test\resources
2025-04-11 18:17:28,794 [Worker-2: Loading available Gradle versions] INFO  o.e.b.c.i.u.g.PublishedGradleVersions - Gradle version information cache is out-of-date. Trying to update.
2025-04-11 18:17:51,045 [Worker-2: Loading available Gradle versions] INFO  o.e.b.c.i.u.g.PublishedGradleVersions - Updating Gradle version information cache failed. Using outdated cache.
2025-04-11 18:22:07,340 [Worker-28: Building workspace] INFO  o.e.m.c.i.embedder.EclipseLogger - Using 'UTF-8' encoding to copy filtered resources.
2025-04-11 18:22:07,358 [Worker-28: Building workspace] INFO  o.e.m.c.i.embedder.EclipseLogger - Copying 1 resource
2025-04-11 18:22:07,372 [Worker-28: Building workspace] INFO  o.e.m.c.i.embedder.EclipseLogger - Copying 1 resource
2025-04-11 18:22:07,377 [Worker-28: Building workspace] INFO  o.e.m.c.i.embedder.EclipseLogger - Using 'UTF-8' encoding to copy filtered resources.
2025-04-11 18:22:07,377 [Worker-28: Building workspace] INFO  o.e.m.c.i.embedder.EclipseLogger - skip non existing resourceDirectory D:\Rays Software\Workspace\Project_10\ORSProj10\Project_10\src\test\resources
2025-04-11 18:26:17,624 [Worker-3: Loading available Gradle versions] INFO  o.e.b.c.i.u.g.PublishedGradleVersions - Gradle version information cache is out-of-date. Trying to update.
2025-04-11 18:30:44,549 [Worker-6: Loading available Gradle versions] INFO  o.e.b.c.i.u.g.PublishedGradleVersions - Gradle version information cache is up-to-date. Trying to read.
2025-04-11 18:31:01,704 [Worker-7: Building workspace] INFO  o.e.m.c.i.embedder.EclipseLogger - Using 'UTF-8' encoding to copy filtered resources.
2025-04-11 18:31:01,711 [Worker-7: Building workspace] INFO  o.e.m.c.i.embedder.EclipseLogger - Copying 1 resource
2025-04-11 18:31:01,752 [Worker-7: Building workspace] INFO  o.e.m.c.i.embedder.EclipseLogger - Copying 1 resource
2025-04-11 18:31:01,782 [Worker-7: Building workspace] INFO  o.e.m.c.i.embedder.EclipseLogger - Using 'UTF-8' encoding to copy filtered resources.
2025-04-11 18:31:01,782 [Worker-7: Building workspace] INFO  o.e.m.c.i.embedder.EclipseLogger - skip non existing resourceDirectory D:\Rays Software\Workspace\Project_10\ORSProj10\Project_10\src\test\resources
2025-04-11 18:31:20,406 [Worker-18: Updating Maven Project] INFO  o.e.m.c.i.p.ProjectConfigurationManager - Update started
2025-04-11 18:31:23,189 [Worker-18: Updating Maven Project] INFO  o.e.m.c.i.l.LifecycleMappingFactory - Using org.eclipse.m2e.jdt.JarLifecycleMapping lifecycle mapping for MavenProject: com.sunilos:springboottest:0.0.1-SNAPSHOT @ D:\Rays Software\Workspace\Project_10\ORSProj10\Project_10\pom.xml.
2025-04-11 18:31:23,884 [Worker-18: Updating Maven Project] INFO  o.e.m.j.i.AbstractJavaProjectConfigurator - Adding source folder /Project_10/src/main/java
2025-04-11 18:31:23,885 [Worker-18: Updating Maven Project] INFO  o.e.m.j.i.AbstractJavaProjectConfigurator - Adding resource folder /Project_10/src/main/resources
2025-04-11 18:31:23,885 [Worker-18: Updating Maven Project] INFO  o.e.m.j.i.AbstractJavaProjectConfigurator - Adding resource folder /Project_10/src/main/resources
2025-04-11 18:31:23,885 [Worker-18: Updating Maven Project] INFO  o.e.m.j.i.AbstractJavaProjectConfigurator - Adding source folder /Project_10/src/test/java
2025-04-11 18:31:24,213 [Worker-18: Updating Maven Project] INFO  o.e.m.c.i.p.ProjectConfigurationManager - Update completed: 3 sec
2025-04-11 18:31:26,629 [Worker-3: Building workspace] INFO  o.e.m.c.i.embedder.EclipseLogger - Using 'UTF-8' encoding to copy filtered resources.
2025-04-11 18:31:26,630 [Worker-3: Building workspace] INFO  o.e.m.c.i.embedder.EclipseLogger - Copying 1 resource
2025-04-11 18:31:26,646 [Worker-3: Building workspace] INFO  o.e.m.c.i.embedder.EclipseLogger - Copying 1 resource
2025-04-11 18:31:26,654 [Worker-3: Building workspace] INFO  o.e.m.c.i.embedder.EclipseLogger - Using 'UTF-8' encoding to copy filtered resources.
2025-04-11 18:31:26,654 [Worker-3: Building workspace] INFO  o.e.m.c.i.embedder.EclipseLogger - skip non existing resourceDirectory D:\Rays Software\Workspace\Project_10\ORSProj10\Project_10\src\test\resources
2025-04-12 15:55:59,865 [Worker-4: Loading available Gradle versions] INFO  o.e.b.c.i.u.g.PublishedGradleVersions - Gradle version information cache is up-to-date. Trying to read.
2025-04-14 12:48:28,020 [Worker-6: Loading available Gradle versions] INFO  o.e.b.c.i.u.g.PublishedGradleVersions - Gradle version information cache is out-of-date. Trying to update.
2025-04-15 01:31:30,066 [Worker-3: Loading available Gradle versions] INFO  o.e.b.c.i.u.g.PublishedGradleVersions - Gradle version information cache is up-to-date. Trying to read.
2025-04-15 12:45:51,731 [Worker-6: Loading available Gradle versions] INFO  o.e.b.c.i.u.g.PublishedGradleVersions - Gradle version information cache is up-to-date. Trying to read.
2025-04-15 14:23:16,473 [Worker-37: Launching ProjectOrsApplication] INFO  o.e.m.c.i.embedder.EclipseLogger - Using 'UTF-8' encoding to copy filtered resources.
2025-04-15 14:23:16,489 [Worker-37: Launching ProjectOrsApplication] INFO  o.e.m.c.i.embedder.EclipseLogger - Copying 1 resource
2025-04-15 14:23:16,505 [Worker-37: Launching ProjectOrsApplication] INFO  o.e.m.c.i.embedder.EclipseLogger - Copying 1 resource
2025-04-15 14:23:16,521 [Worker-37: Launching ProjectOrsApplication] INFO  o.e.m.c.i.embedder.EclipseLogger - Using 'UTF-8' encoding to copy filtered resources.
2025-04-15 14:23:16,521 [Worker-37: Launching ProjectOrsApplication] INFO  o.e.m.c.i.embedder.EclipseLogger - skip non existing resourceDirectory D:\Rays Software\Workspace\Project_10\ORSProj10\Project_10\src\test\resources
2025-04-15 14:43:50,541 [Worker-48: Building workspace] INFO  o.e.m.c.i.embedder.EclipseLogger - Using 'UTF-8' encoding to copy filtered resources.
2025-04-15 14:43:50,556 [Worker-48: Building workspace] INFO  o.e.m.c.i.embedder.EclipseLogger - Copying 1 resource
2025-04-15 14:43:50,556 [Worker-48: Building workspace] INFO  o.e.m.c.i.embedder.EclipseLogger - Copying 1 resource
2025-04-15 14:43:50,556 [Worker-48: Building workspace] INFO  o.e.m.c.i.embedder.EclipseLogger - Using 'UTF-8' encoding to copy filtered resources.
2025-04-15 14:43:50,556 [Worker-48: Building workspace] INFO  o.e.m.c.i.embedder.EclipseLogger - skip non existing resourceDirectory D:\Rays Software\Workspace\Project_10\ORSProj10\Project_10\src\test\resources
2025-04-15 18:00:14,312 [Worker-81: Building workspace] INFO  o.e.m.c.i.embedder.EclipseLogger - Using 'UTF-8' encoding to copy filtered resources.
2025-04-15 18:00:14,535 [Worker-81: Building workspace] INFO  o.e.m.c.i.embedder.EclipseLogger - Copying 1 resource
2025-04-15 18:00:14,540 [Worker-81: Building workspace] INFO  o.e.m.c.i.embedder.EclipseLogger - Copying 1 resource
2025-04-15 18:00:14,540 [Worker-81: Building workspace] INFO  o.e.m.c.i.embedder.EclipseLogger - Using 'UTF-8' encoding to copy filtered resources.
2025-04-15 18:00:14,540 [Worker-81: Building workspace] INFO  o.e.m.c.i.embedder.EclipseLogger - skip non existing resourceDirectory D:\Rays Software\Workspace\Project_10\ORSProj10\Project_10\src\test\resources
2025-04-15 18:01:24,273 [Worker-87: Building workspace] INFO  o.e.m.c.i.embedder.EclipseLogger - Using 'UTF-8' encoding to copy filtered resources.
2025-04-15 18:01:24,273 [Worker-87: Building workspace] INFO  o.e.m.c.i.embedder.EclipseLogger - Copying 1 resource
2025-04-15 18:01:24,273 [Worker-87: Building workspace] INFO  o.e.m.c.i.embedder.EclipseLogger - Copying 1 resource
2025-04-15 18:01:24,283 [Worker-87: Building workspace] INFO  o.e.m.c.i.embedder.EclipseLogger - Using 'UTF-8' encoding to copy filtered resources.
2025-04-15 18:01:24,283 [Worker-87: Building workspace] INFO  o.e.m.c.i.embedder.EclipseLogger - skip non existing resourceDirectory D:\Rays Software\Workspace\Project_10\ORSProj10\Project_10\src\test\resources
2025-04-15 18:02:45,356 [Worker-88: Building workspace] INFO  o.e.m.c.i.embedder.EclipseLogger - Using 'UTF-8' encoding to copy filtered resources.
2025-04-15 18:02:45,356 [Worker-88: Building workspace] INFO  o.e.m.c.i.embedder.EclipseLogger - Copying 1 resource
2025-04-15 18:02:45,356 [Worker-88: Building workspace] INFO  o.e.m.c.i.embedder.EclipseLogger - Copying 1 resource
2025-04-15 18:02:45,372 [Worker-88: Building workspace] INFO  o.e.m.c.i.embedder.EclipseLogger - Using 'UTF-8' encoding to copy filtered resources.
2025-04-15 18:02:45,372 [Worker-88: Building workspace] INFO  o.e.m.c.i.embedder.EclipseLogger - skip non existing resourceDirectory D:\Rays Software\Workspace\Project_10\ORSProj10\Project_10\src\test\resources
2025-04-15 18:04:02,635 [Worker-84: Building workspace] INFO  o.e.m.c.i.embedder.EclipseLogger - Using 'UTF-8' encoding to copy filtered resources.
2025-04-15 18:04:02,635 [Worker-84: Building workspace] INFO  o.e.m.c.i.embedder.EclipseLogger - Copying 1 resource
2025-04-15 18:04:02,648 [Worker-84: Building workspace] INFO  o.e.m.c.i.embedder.EclipseLogger - Copying 1 resource
2025-04-15 18:04:02,648 [Worker-84: Building workspace] INFO  o.e.m.c.i.embedder.EclipseLogger - Using 'UTF-8' encoding to copy filtered resources.
2025-04-15 18:04:02,648 [Worker-84: Building workspace] INFO  o.e.m.c.i.embedder.EclipseLogger - skip non existing resourceDirectory D:\Rays Software\Workspace\Project_10\ORSProj10\Project_10\src\test\resources
2025-04-15 18:05:21,931 [Worker-88: Building workspace] INFO  o.e.m.c.i.embedder.EclipseLogger - Using 'UTF-8' encoding to copy filtered resources.
2025-04-15 18:05:21,931 [Worker-88: Building workspace] INFO  o.e.m.c.i.embedder.EclipseLogger - Copying 1 resource
2025-04-15 18:05:21,931 [Worker-88: Building workspace] INFO  o.e.m.c.i.embedder.EclipseLogger - Copying 1 resource
2025-04-15 18:05:21,931 [Worker-88: Building workspace] INFO  o.e.m.c.i.embedder.EclipseLogger - Using 'UTF-8' encoding to copy filtered resources.
2025-04-15 18:05:21,931 [Worker-88: Building workspace] INFO  o.e.m.c.i.embedder.EclipseLogger - skip non existing resourceDirectory D:\Rays Software\Workspace\Project_10\ORSProj10\Project_10\src\test\resources
2025-04-15 18:09:38,548 [Worker-92: Building workspace] INFO  o.e.m.c.i.embedder.EclipseLogger - Using 'UTF-8' encoding to copy filtered resources.
2025-04-15 18:09:38,550 [Worker-92: Building workspace] INFO  o.e.m.c.i.embedder.EclipseLogger - Copying 1 resource
2025-04-15 18:09:38,550 [Worker-92: Building workspace] INFO  o.e.m.c.i.embedder.EclipseLogger - Copying 1 resource
2025-04-15 18:09:38,558 [Worker-92: Building workspace] INFO  o.e.m.c.i.embedder.EclipseLogger - Using 'UTF-8' encoding to copy filtered resources.
2025-04-15 18:09:38,558 [Worker-92: Building workspace] INFO  o.e.m.c.i.embedder.EclipseLogger - skip non existing resourceDirectory D:\Rays Software\Workspace\Project_10\ORSProj10\Project_10\src\test\resources
2025-04-15 18:12:22,819 [Worker-84: Building workspace] INFO  o.e.m.c.i.embedder.EclipseLogger - Using 'UTF-8' encoding to copy filtered resources.
2025-04-15 18:12:22,819 [Worker-84: Building workspace] INFO  o.e.m.c.i.embedder.EclipseLogger - Copying 1 resource
2025-04-15 18:12:22,819 [Worker-84: Building workspace] INFO  o.e.m.c.i.embedder.EclipseLogger - Copying 1 resource
2025-04-15 18:12:22,833 [Worker-84: Building workspace] INFO  o.e.m.c.i.embedder.EclipseLogger - Using 'UTF-8' encoding to copy filtered resources.
2025-04-15 18:12:22,833 [Worker-84: Building workspace] INFO  o.e.m.c.i.embedder.EclipseLogger - skip non existing resourceDirectory D:\Rays Software\Workspace\Project_10\ORSProj10\Project_10\src\test\resources
2025-04-15 18:13:10,470 [Worker-92: Building workspace] INFO  o.e.m.c.i.embedder.EclipseLogger - Using 'UTF-8' encoding to copy filtered resources.
2025-04-15 18:13:10,470 [Worker-92: Building workspace] INFO  o.e.m.c.i.embedder.EclipseLogger - Copying 1 resource
2025-04-15 18:13:10,470 [Worker-92: Building workspace] INFO  o.e.m.c.i.embedder.EclipseLogger - Copying 1 resource
2025-04-15 18:13:10,481 [Worker-92: Building workspace] INFO  o.e.m.c.i.embedder.EclipseLogger - Using 'UTF-8' encoding to copy filtered resources.
2025-04-15 18:13:10,481 [Worker-92: Building workspace] INFO  o.e.m.c.i.embedder.EclipseLogger - skip non existing resourceDirectory D:\Rays Software\Workspace\Project_10\ORSProj10\Project_10\src\test\resources
2025-04-15 18:13:27,150 [Worker-90: Building workspace] INFO  o.e.m.c.i.embedder.EclipseLogger - Using 'UTF-8' encoding to copy filtered resources.
2025-04-15 18:13:27,153 [Worker-90: Building workspace] INFO  o.e.m.c.i.embedder.EclipseLogger - Copying 1 resource
2025-04-15 18:13:27,153 [Worker-90: Building workspace] INFO  o.e.m.c.i.embedder.EclipseLogger - Copying 1 resource
2025-04-15 18:13:27,153 [Worker-90: Building workspace] INFO  o.e.m.c.i.embedder.EclipseLogger - Using 'UTF-8' encoding to copy filtered resources.
2025-04-15 18:13:27,153 [Worker-90: Building workspace] INFO  o.e.m.c.i.embedder.EclipseLogger - skip non existing resourceDirectory D:\Rays Software\Workspace\Project_10\ORSProj10\Project_10\src\test\resources
2025-04-15 18:14:35,962 [Worker-92: Building workspace] INFO  o.e.m.c.i.embedder.EclipseLogger - Using 'UTF-8' encoding to copy filtered resources.
2025-04-15 18:14:35,962 [Worker-92: Building workspace] INFO  o.e.m.c.i.embedder.EclipseLogger - Copying 1 resource
2025-04-15 18:14:35,962 [Worker-92: Building workspace] INFO  o.e.m.c.i.embedder.EclipseLogger - Copying 1 resource
2025-04-15 18:14:35,969 [Worker-92: Building workspace] INFO  o.e.m.c.i.embedder.EclipseLogger - Using 'UTF-8' encoding to copy filtered resources.
2025-04-15 18:14:35,969 [Worker-92: Building workspace] INFO  o.e.m.c.i.embedder.EclipseLogger - skip non existing resourceDirectory D:\Rays Software\Workspace\Project_10\ORSProj10\Project_10\src\test\resources
2025-04-15 18:15:37,231 [Worker-92: Updating Maven Project] INFO  o.e.m.c.i.p.ProjectConfigurationManager - Update started
2025-04-15 18:15:40,542 [Worker-92: Updating Maven Project] INFO  o.e.m.c.i.l.LifecycleMappingFactory - Using org.eclipse.m2e.jdt.JarLifecycleMapping lifecycle mapping for MavenProject: com.sunilos:springboottest:0.0.1-SNAPSHOT @ D:\Rays Software\Workspace\Project_10\ORSProj10\Project_10\pom.xml.
2025-04-15 18:15:41,992 [Worker-92: Updating Maven Project] INFO  o.e.m.j.i.AbstractJavaProjectConfigurator - Adding source folder /Project_10/src/main/java
2025-04-15 18:15:41,992 [Worker-92: Updating Maven Project] INFO  o.e.m.j.i.AbstractJavaProjectConfigurator - Adding resource folder /Project_10/src/main/resources
2025-04-15 18:15:41,992 [Worker-92: Updating Maven Project] INFO  o.e.m.j.i.AbstractJavaProjectConfigurator - Adding resource folder /Project_10/src/main/resources
2025-04-15 18:15:41,992 [Worker-92: Updating Maven Project] INFO  o.e.m.j.i.AbstractJavaProjectConfigurator - Adding source folder /Project_10/src/test/java
2025-04-15 18:15:42,228 [Worker-92: Updating Maven Project] INFO  o.e.m.c.i.p.ProjectConfigurationManager - Update completed: 4 sec
2025-04-15 18:15:44,642 [Worker-94: Building workspace] INFO  o.e.m.c.i.embedder.EclipseLogger - Using 'UTF-8' encoding to copy filtered resources.
2025-04-15 18:15:44,642 [Worker-94: Building workspace] INFO  o.e.m.c.i.embedder.EclipseLogger - Copying 1 resource
2025-04-15 18:15:44,655 [Worker-94: Building workspace] INFO  o.e.m.c.i.embedder.EclipseLogger - Copying 1 resource
2025-04-15 18:15:44,658 [Worker-94: Building workspace] INFO  o.e.m.c.i.embedder.EclipseLogger - Using 'UTF-8' encoding to copy filtered resources.
2025-04-15 18:15:44,658 [Worker-94: Building workspace] INFO  o.e.m.c.i.embedder.EclipseLogger - skip non existing resourceDirectory D:\Rays Software\Workspace\Project_10\ORSProj10\Project_10\src\test\resources
2025-04-15 18:15:55,451 [Worker-90: Building workspace] INFO  o.e.m.c.i.embedder.EclipseLogger - Using 'UTF-8' encoding to copy filtered resources.
2025-04-15 18:15:55,451 [Worker-90: Building workspace] INFO  o.e.m.c.i.embedder.EclipseLogger - Copying 1 resource
2025-04-15 18:15:55,451 [Worker-90: Building workspace] INFO  o.e.m.c.i.embedder.EclipseLogger - Copying 1 resource
2025-04-15 18:15:55,451 [Worker-90: Building workspace] INFO  o.e.m.c.i.embedder.EclipseLogger - Using 'UTF-8' encoding to copy filtered resources.
2025-04-15 18:15:55,451 [Worker-90: Building workspace] INFO  o.e.m.c.i.embedder.EclipseLogger - skip non existing resourceDirectory D:\Rays Software\Workspace\Project_10\ORSProj10\Project_10\src\test\resources
2025-04-15 18:19:06,520 [Worker-96: Updating Maven Project] INFO  o.e.m.c.i.p.ProjectConfigurationManager - Update started
2025-04-15 18:19:06,992 [Worker-96: Updating Maven Project] INFO  o.e.m.c.i.l.LifecycleMappingFactory - Using org.eclipse.m2e.jdt.JarLifecycleMapping lifecycle mapping for MavenProject: com.sunilos:springboottest:0.0.1-SNAPSHOT @ D:\Rays Software\Workspace\Project_10\ORSProj10\Project_10\pom.xml.
2025-04-15 18:19:07,433 [Worker-96: Updating Maven Project] INFO  o.e.m.j.i.AbstractJavaProjectConfigurator - Adding source folder /Project_10/src/main/java
2025-04-15 18:19:07,433 [Worker-96: Updating Maven Project] INFO  o.e.m.j.i.AbstractJavaProjectConfigurator - Adding resource folder /Project_10/src/main/resources
2025-04-15 18:19:07,433 [Worker-96: Updating Maven Project] INFO  o.e.m.j.i.AbstractJavaProjectConfigurator - Adding resource folder /Project_10/src/main/resources
2025-04-15 18:19:07,433 [Worker-96: Updating Maven Project] INFO  o.e.m.j.i.AbstractJavaProjectConfigurator - Adding source folder /Project_10/src/test/java
2025-04-15 18:19:07,600 [Worker-96: Updating Maven Project] INFO  o.e.m.c.i.p.ProjectConfigurationManager - Update completed: 1 sec
2025-04-15 18:19:09,403 [Worker-103: Building workspace] INFO  o.e.m.c.i.embedder.EclipseLogger - Using 'UTF-8' encoding to copy filtered resources.
2025-04-15 18:19:09,403 [Worker-103: Building workspace] INFO  o.e.m.c.i.embedder.EclipseLogger - Copying 1 resource
2025-04-15 18:19:09,419 [Worker-103: Building workspace] INFO  o.e.m.c.i.embedder.EclipseLogger - Copying 1 resource
2025-04-15 18:19:09,437 [Worker-103: Building workspace] INFO  o.e.m.c.i.embedder.EclipseLogger - Using 'UTF-8' encoding to copy filtered resources.
2025-04-15 18:19:09,437 [Worker-103: Building workspace] INFO  o.e.m.c.i.embedder.EclipseLogger - skip non existing resourceDirectory D:\Rays Software\Workspace\Project_10\ORSProj10\Project_10\src\test\resources
2025-04-15 18:26:44,061 [Worker-108: Building workspace] INFO  o.e.m.c.i.embedder.EclipseLogger - Using 'UTF-8' encoding to copy filtered resources.
2025-04-15 18:26:44,061 [Worker-108: Building workspace] INFO  o.e.m.c.i.embedder.EclipseLogger - Copying 1 resource
2025-04-15 18:26:44,076 [Worker-108: Building workspace] INFO  o.e.m.c.i.embedder.EclipseLogger - Copying 0 resource
2025-04-15 18:26:44,076 [Worker-108: Building workspace] INFO  o.e.m.c.i.embedder.EclipseLogger - Using 'UTF-8' encoding to copy filtered resources.
2025-04-15 18:26:44,076 [Worker-108: Building workspace] INFO  o.e.m.c.i.embedder.EclipseLogger - skip non existing resourceDirectory D:\Rays Software\Workspace\Project_10\ORSProj10\Project_10\src\test\resources
2025-04-15 18:27:06,431 [Worker-111: Building workspace] INFO  o.e.m.c.i.embedder.EclipseLogger - Using 'UTF-8' encoding to copy filtered resources.
2025-04-15 18:27:06,431 [Worker-111: Building workspace] INFO  o.e.m.c.i.embedder.EclipseLogger - Copying 1 resource
2025-04-15 18:27:06,450 [Worker-111: Building workspace] INFO  o.e.m.c.i.embedder.EclipseLogger - Copying 0 resource
2025-04-15 18:27:06,450 [Worker-111: Building workspace] INFO  o.e.m.c.i.embedder.EclipseLogger - Using 'UTF-8' encoding to copy filtered resources.
2025-04-15 18:27:06,450 [Worker-111: Building workspace] INFO  o.e.m.c.i.embedder.EclipseLogger - skip non existing resourceDirectory D:\Rays Software\Workspace\Project_10\ORSProj10\Project_10\src\test\resources
2025-04-15 18:30:52,899 [Worker-88: Building workspace] INFO  o.e.m.c.i.embedder.EclipseLogger - Using 'UTF-8' encoding to copy filtered resources.
2025-04-15 18:30:52,899 [Worker-88: Building workspace] INFO  o.e.m.c.i.embedder.EclipseLogger - Copying 1 resource
2025-04-15 18:30:52,899 [Worker-88: Building workspace] INFO  o.e.m.c.i.embedder.EclipseLogger - Copying 1 resource
2025-04-15 18:30:52,899 [Worker-88: Building workspace] INFO  o.e.m.c.i.embedder.EclipseLogger - Using 'UTF-8' encoding to copy filtered resources.
2025-04-15 18:30:52,899 [Worker-88: Building workspace] INFO  o.e.m.c.i.embedder.EclipseLogger - skip non existing resourceDirectory D:\Rays Software\Workspace\Project_10\ORSProj10\Project_10\src\test\resources
2025-04-15 18:41:06,284 [Worker-118: Building workspace] INFO  o.e.m.c.i.embedder.EclipseLogger - Using 'UTF-8' encoding to copy filtered resources.
2025-04-15 18:41:06,284 [Worker-118: Building workspace] INFO  o.e.m.c.i.embedder.EclipseLogger - Copying 1 resource
2025-04-15 18:41:06,284 [Worker-118: Building workspace] INFO  o.e.m.c.i.embedder.EclipseLogger - Copying 1 resource
2025-04-15 18:41:06,284 [Worker-118: Building workspace] INFO  o.e.m.c.i.embedder.EclipseLogger - Using 'UTF-8' encoding to copy filtered resources.
2025-04-15 18:41:06,284 [Worker-118: Building workspace] INFO  o.e.m.c.i.embedder.EclipseLogger - skip non existing resourceDirectory D:\Rays Software\Workspace\Project_10\ORSProj10\Project_10\src\test\resources
2025-04-15 18:41:44,203 [Worker-118: Building workspace] INFO  o.e.m.c.i.embedder.EclipseLogger - Using 'UTF-8' encoding to copy filtered resources.
2025-04-15 18:41:44,218 [Worker-118: Building workspace] INFO  o.e.m.c.i.embedder.EclipseLogger - Copying 1 resource
2025-04-15 18:41:44,218 [Worker-118: Building workspace] INFO  o.e.m.c.i.embedder.EclipseLogger - Copying 1 resource
2025-04-15 18:41:44,218 [Worker-118: Building workspace] INFO  o.e.m.c.i.embedder.EclipseLogger - Using 'UTF-8' encoding to copy filtered resources.
2025-04-15 18:41:44,218 [Worker-118: Building workspace] INFO  o.e.m.c.i.embedder.EclipseLogger - skip non existing resourceDirectory D:\Rays Software\Workspace\Project_10\ORSProj10\Project_10\src\test\resources
2025-04-15 18:43:46,642 [Worker-120: Building workspace] INFO  o.e.m.c.i.embedder.EclipseLogger - Using 'UTF-8' encoding to copy filtered resources.
2025-04-15 18:43:46,642 [Worker-120: Building workspace] INFO  o.e.m.c.i.embedder.EclipseLogger - Copying 1 resource
2025-04-15 18:43:46,642 [Worker-120: Building workspace] INFO  o.e.m.c.i.embedder.EclipseLogger - Copying 1 resource
2025-04-15 18:43:46,642 [Worker-120: Building workspace] INFO  o.e.m.c.i.embedder.EclipseLogger - Using 'UTF-8' encoding to copy filtered resources.
2025-04-15 18:43:46,642 [Worker-120: Building workspace] INFO  o.e.m.c.i.embedder.EclipseLogger - skip non existing resourceDirectory D:\Rays Software\Workspace\Project_10\ORSProj10\Project_10\src\test\resources
2025-04-15 18:44:54,972 [Worker-108: Building workspace] INFO  o.e.m.c.i.embedder.EclipseLogger - Using 'UTF-8' encoding to copy filtered resources.
2025-04-15 18:44:54,972 [Worker-108: Building workspace] INFO  o.e.m.c.i.embedder.EclipseLogger - Copying 1 resource
2025-04-15 18:44:54,972 [Worker-108: Building workspace] INFO  o.e.m.c.i.embedder.EclipseLogger - Copying 1 resource
2025-04-15 18:44:54,972 [Worker-108: Building workspace] INFO  o.e.m.c.i.embedder.EclipseLogger - Using 'UTF-8' encoding to copy filtered resources.
2025-04-15 18:44:54,972 [Worker-108: Building workspace] INFO  o.e.m.c.i.embedder.EclipseLogger - skip non existing resourceDirectory D:\Rays Software\Workspace\Project_10\ORSProj10\Project_10\src\test\resources
2025-04-15 19:34:32,655 [Worker-126: Building workspace] INFO  o.e.m.c.i.embedder.EclipseLogger - Using 'UTF-8' encoding to copy filtered resources.
2025-04-15 19:34:32,655 [Worker-126: Building workspace] INFO  o.e.m.c.i.embedder.EclipseLogger - Copying 1 resource
2025-04-15 19:34:32,655 [Worker-126: Building workspace] INFO  o.e.m.c.i.embedder.EclipseLogger - Copying 1 resource
2025-04-15 19:34:32,655 [Worker-126: Building workspace] INFO  o.e.m.c.i.embedder.EclipseLogger - Using 'UTF-8' encoding to copy filtered resources.
2025-04-15 19:34:32,655 [Worker-126: Building workspace] INFO  o.e.m.c.i.embedder.EclipseLogger - skip non existing resourceDirectory D:\Rays Software\Workspace\Project_10\ORSProj10\Project_10\src\test\resources
2025-04-15 19:35:17,891 [Worker-129: Building workspace] INFO  o.e.m.c.i.embedder.EclipseLogger - Using 'UTF-8' encoding to copy filtered resources.
2025-04-15 19:35:17,891 [Worker-129: Building workspace] INFO  o.e.m.c.i.embedder.EclipseLogger - Copying 1 resource
2025-04-15 19:35:17,891 [Worker-129: Building workspace] INFO  o.e.m.c.i.embedder.EclipseLogger - Copying 1 resource
2025-04-15 19:35:17,891 [Worker-129: Building workspace] INFO  o.e.m.c.i.embedder.EclipseLogger - Using 'UTF-8' encoding to copy filtered resources.
2025-04-15 19:35:17,891 [Worker-129: Building workspace] INFO  o.e.m.c.i.embedder.EclipseLogger - skip non existing resourceDirectory D:\Rays Software\Workspace\Project_10\ORSProj10\Project_10\src\test\resources
2025-04-16 14:47:26,839 [Worker-9: Building workspace] INFO  o.e.m.c.i.embedder.EclipseLogger - Using 'UTF-8' encoding to copy filtered resources.
2025-04-16 14:47:26,851 [Worker-9: Building workspace] INFO  o.e.m.c.i.embedder.EclipseLogger - Copying 1 resource
2025-04-16 14:47:26,873 [Worker-9: Building workspace] INFO  o.e.m.c.i.embedder.EclipseLogger - Copying 1 resource
2025-04-16 14:47:26,876 [Worker-9: Building workspace] INFO  o.e.m.c.i.embedder.EclipseLogger - Using 'UTF-8' encoding to copy filtered resources.
2025-04-16 14:47:26,876 [Worker-9: Building workspace] INFO  o.e.m.c.i.embedder.EclipseLogger - skip non existing resourceDirectory D:\Rays Software\Workspace\Project_10\ORSProj10\Project_10\src\test\resources
2025-04-16 15:04:03,889 [Worker-19: Building workspace] INFO  o.e.m.c.i.embedder.EclipseLogger - Using 'UTF-8' encoding to copy filtered resources.
2025-04-16 15:04:03,889 [Worker-19: Building workspace] INFO  o.e.m.c.i.embedder.EclipseLogger - Copying 1 resource
2025-04-16 15:04:03,889 [Worker-19: Building workspace] INFO  o.e.m.c.i.embedder.EclipseLogger - Copying 1 resource
2025-04-16 15:04:03,889 [Worker-19: Building workspace] INFO  o.e.m.c.i.embedder.EclipseLogger - Using 'UTF-8' encoding to copy filtered resources.
2025-04-16 15:04:03,889 [Worker-19: Building workspace] INFO  o.e.m.c.i.embedder.EclipseLogger - skip non existing resourceDirectory D:\Rays Software\Workspace\Project_10\ORSProj10\Project_10\src\test\resources
2025-04-16 15:04:16,305 [Worker-15: Building workspace] INFO  o.e.m.c.i.embedder.EclipseLogger - Using 'UTF-8' encoding to copy filtered resources.
2025-04-16 15:04:16,306 [Worker-15: Building workspace] INFO  o.e.m.c.i.embedder.EclipseLogger - Copying 1 resource
2025-04-16 15:04:16,308 [Worker-15: Building workspace] INFO  o.e.m.c.i.embedder.EclipseLogger - Copying 1 resource
2025-04-16 15:04:16,313 [Worker-15: Building workspace] INFO  o.e.m.c.i.embedder.EclipseLogger - Using 'UTF-8' encoding to copy filtered resources.
2025-04-16 15:04:16,313 [Worker-15: Building workspace] INFO  o.e.m.c.i.embedder.EclipseLogger - skip non existing resourceDirectory D:\Rays Software\Workspace\Project_10\ORSProj10\Project_10\src\test\resources
2025-04-16 16:59:48,517 [Worker-42: Building workspace] INFO  o.e.m.c.i.embedder.EclipseLogger - Using 'UTF-8' encoding to copy filtered resources.
2025-04-16 16:59:48,517 [Worker-42: Building workspace] INFO  o.e.m.c.i.embedder.EclipseLogger - Copying 1 resource
2025-04-16 16:59:48,533 [Worker-42: Building workspace] INFO  o.e.m.c.i.embedder.EclipseLogger - Copying 1 resource
2025-04-16 16:59:48,533 [Worker-42: Building workspace] INFO  o.e.m.c.i.embedder.EclipseLogger - Using 'UTF-8' encoding to copy filtered resources.
2025-04-16 16:59:48,533 [Worker-42: Building workspace] INFO  o.e.m.c.i.embedder.EclipseLogger - skip non existing resourceDirectory D:\Rays Software\Workspace\Project_10\ORSProj10\Project_10\src\test\resources
2025-04-16 17:35:31,754 [Worker-57: Loading available Gradle versions] INFO  o.e.b.c.i.u.g.PublishedGradleVersions - Gradle version information cache is out-of-date. Trying to update.
2025-04-16 19:28:14,480 [Worker-94: Building workspace] INFO  o.e.m.c.i.embedder.EclipseLogger - Using 'UTF-8' encoding to copy filtered resources.
2025-04-16 19:28:14,480 [Worker-94: Building workspace] INFO  o.e.m.c.i.embedder.EclipseLogger - Copying 1 resource
2025-04-16 19:28:14,480 [Worker-94: Building workspace] INFO  o.e.m.c.i.embedder.EclipseLogger - Copying 1 resource
2025-04-16 19:28:14,480 [Worker-94: Building workspace] INFO  o.e.m.c.i.embedder.EclipseLogger - Using 'UTF-8' encoding to copy filtered resources.
2025-04-16 19:28:14,480 [Worker-94: Building workspace] INFO  o.e.m.c.i.embedder.EclipseLogger - skip non existing resourceDirectory D:\Rays Software\Workspace\Project_10\ORSProj10\Project_10\src\test\resources
2025-04-18 13:36:49,621 [Worker-0: Loading available Gradle versions] INFO  o.e.b.c.i.u.g.PublishedGradleVersions - Gradle version information cache is out-of-date. Trying to update.
